,open,high,low,close,volume,value
2019-06-26 09:00:00,13942000.0,16840000.0,13858000.0,15854000.0,49346.44063007,750596227110.595
2019-06-27 09:00:00,15854000.0,16451000.0,13088000.0,14028000.0,53630.66520719,784340620564.0253
2019-06-28 09:00:00,14021000.0,15400000.0,13597000.0,15307000.0,34255.78282605,496347234579.13184
2019-06-29 09:00:00,15306000.0,15446000.0,14246000.0,14576000.0,20528.56039002,301336580523.4551
2019-06-30 09:00:00,14576000.0,14823000.0,13501000.0,13598000.0,15823.17086473,224262126831.7942
2019-07-01 09:00:00,13599000.0,13846000.0,12330000.0,13026000.0,25148.22954355,329524192946.7636
2019-07-02 09:00:00,13027000.0,13352000.0,11850000.0,13205000.0,33653.85372014,420056886890.81635
2019-07-03 09:00:00,13205000.0,14450000.0,13205000.0,14419000.0,29701.05312366,408707039821.3516
2019-07-04 09:00:00,14424000.0,14543000.0,13446000.0,13535000.0,17777.00140039,250066064432.3536
2019-07-05 09:00:00,13535000.0,13790000.0,13100000.0,13367000.0,15604.87414517,210030655123.0837
2019-07-06 09:00:00,13352000.0,13980000.0,13337000.0,13607000.0,11029.65693401,151147381308.83176
2019-07-07 09:00:00,13608000.0,13777000.0,13402000.0,13652000.0,6112.29934939,82884148613.21906
2019-07-08 09:00:00,13658000.0,14712000.0,13504000.0,14570000.0,13219.12416828,186721744809.7835
2019-07-09 09:00:00,14569000.0,15167000.0,14449000.0,14940000.0,18409.06927592,272967560115.14102
2019-07-10 09:00:00,14940000.0,15537000.0,14010000.0,14595000.0,29004.84701858,434277406079.4697
2019-07-11 09:00:00,14594000.0,14662000.0,13488000.0,13770000.0,25449.01584899,355725403110.0496
2019-07-12 09:00:00,13770000.0,14300000.0,13240000.0,14199000.0,17827.61270592,247018185031.88745
2019-07-13 09:00:00,14194000.0,14266000.0,13373000.0,13810000.0,10525.64945175,145284309844.6349
2019-07-14 09:00:00,13810000.0,13857000.0,12393000.0,12425000.0,18601.5880795,242509429976.46146
2019-07-15 09:00:00,12425000.0,13440000.0,11858000.0,13166000.0,23622.08610276,294881461928.9903
2019-07-16 09:00:00,13162000.0,13388000.0,11325000.0,11448000.0,25524.42453999,314936961328.8254
2019-07-17 09:00:00,11448000.0,11993000.0,10880000.0,11648000.0,29435.3111246,336410164581.6101
2019-07-18 09:00:00,11642000.0,12800000.0,11082000.0,12659000.0,30361.56543744,363450021670.8476
2019-07-19 09:00:00,12656000.0,12805000.0,12210000.0,12549000.0,16966.26425103,211800996611.0615
2019-07-20 09:00:00,12549000.0,13090000.0,12410000.0,12780000.0,12766.06610129,161718406260.70175
2019-07-21 09:00:00,12780000.0,12843000.0,12300000.0,12565000.0,7503.34531353,94378482422.30756
2019-07-22 09:00:00,12565000.0,12683000.0,12101000.0,12310000.0,7619.39808956,94670693910.00761
2019-07-23 09:00:00,12311000.0,12337000.0,11770000.0,11797000.0,9196.95112987,110719884759.42117
2019-07-24 09:00:00,11797000.0,11811000.0,11327000.0,11611000.0,8792.82200225,101476361131.32648
2019-07-25 09:00:00,11611000.0,12103000.0,11556000.0,11743000.0,7073.00169757,84081541940.41408
2019-07-26 09:00:00,11738000.0,11738000.0,11456000.0,11680000.0,5539.77501847,64103081759.54955
2019-07-27 09:00:00,11680000.0,12011000.0,11121000.0,11310000.0,8266.20538641,95456708174.75398
2019-07-28 09:00:00,11306000.0,11417000.0,11000000.0,11310000.0,4658.22707119,52517787373.64076
2019-07-29 09:00:00,11312000.0,11547000.0,11151000.0,11280000.0,4965.89960032,56246405054.09359
2019-07-30 09:00:00,11280000.0,11500000.0,11146000.0,11323000.0,4773.20645331,53928293023.59129
2019-07-31 09:00:00,11323000.0,11960000.0,11300000.0,11957000.0,8042.51654364,93764411909.692
2019-08-01 09:00:00,11956000.0,12412000.0,11682000.0,12317000.0,7300.30830386,87399133792.92517
2019-08-02 09:00:00,12317000.0,12768000.0,12213000.0,12563000.0,9548.01565542,119089116597.80522
2019-08-03 09:00:00,12563000.0,12883000.0,12523000.0,12773000.0,7491.78097596,95589607052.77835
2019-08-04 09:00:00,12772000.0,13036000.0,12475000.0,12958000.0,8484.58320479,108274878887.12016
2019-08-05 09:00:00,12958000.0,14213000.0,12948000.0,14181000.0,18719.86010936,256826360069.86636
2019-08-06 09:00:00,14181000.0,14570000.0,13455000.0,13782000.0,22453.01941633,315014494693.0396
2019-08-07 09:00:00,13782000.0,14408000.0,13570000.0,14219000.0,16557.39288205,231909308100.32922
2019-08-08 09:00:00,14197000.0,14310000.0,13841000.0,14241000.0,9231.75268362,130357944365.48573
2019-08-09 09:00:00,14250000.0,14315000.0,13980000.0,14248000.0,7624.83526974,107983995428.21399
2019-08-10 09:00:00,14246000.0,14331000.0,13582000.0,13699000.0,8664.21798351,120388045219.07057
2019-08-11 09:00:00,13698000.0,13918000.0,13434000.0,13876000.0,5737.5360073,78561546587.2456
2019-08-12 09:00:00,13876000.0,13893000.0,13535000.0,13696000.0,3581.48838483,49090206115.44249
2019-08-13 09:00:00,13696000.0,13745000.0,13012000.0,13147000.0,7466.96099317,99671230254.66484
2019-08-14 09:00:00,13147000.0,13152000.0,12109000.0,12202000.0,13208.81054594,167381788906.1582
2019-08-15 09:00:00,12200000.0,12770000.0,11535000.0,12619000.0,20920.03379127,254083433250.48477
2019-08-16 09:00:00,12620000.0,12847000.0,11930000.0,12575000.0,17519.15336984,217247041267.09216
2019-08-17 09:00:00,12575000.0,12722000.0,12201000.0,12424000.0,6445.93547673,80734967357.55618
2019-08-18 09:00:00,12422000.0,12729000.0,12230000.0,12509000.0,6357.87368969,79575156884.12813
2019-08-19 09:00:00,12512000.0,13191000.0,12413000.0,13165000.0,10273.77158288,131988062579.49509
2019-08-20 09:00:00,13166000.0,13211000.0,12746000.0,12952000.0,8459.48670027,109739439060.3668
2019-08-21 09:00:00,12959000.0,13014000.0,12011000.0,12293000.0,11402.28623537,141065350911.02307
2019-08-22 09:00:00,12293000.0,12383000.0,11870000.0,12210000.0,9088.12379505,110232585492.08633
2019-08-23 09:00:00,12210000.0,12523000.0,12138000.0,12443000.0,6873.32738549,84725098861.38988
2019-08-24 09:00:00,12454000.0,12470000.0,11985000.0,12201000.0,4726.72264489,57620101107.40069
2019-08-25 09:00:00,12201000.0,12410000.0,12000000.0,12218000.0,4711.94391647,57423735677.64393
2019-08-26 09:00:00,12218000.0,12680000.0,12209000.0,12421000.0,7128.12167165,88655539497.4194
2019-08-27 09:00:00,12415000.0,12444000.0,12088000.0,12208000.0,3899.29018809,47689175979.89643
2019-08-28 09:00:00,12208000.0,12319000.0,11684000.0,11787000.0,6489.41656104,77931868159.07452
2019-08-29 09:00:00,11787000.0,11788000.0,11380000.0,11525000.0,6298.06439684,72684959819.4439
2019-08-30 09:00:00,11525000.0,11768000.0,11384000.0,11632000.0,4350.76365002,50382918699.21211
2019-08-31 09:00:00,11643000.0,11718000.0,11500000.0,11612000.0,2750.65389976,31962253332.97265
2019-09-01 09:00:00,11612000.0,11860000.0,11544000.0,11768000.0,2564.52409767,29924188377.9901
2019-09-02 09:00:00,11768000.0,12545000.0,11726000.0,12435000.0,6302.83112041,76234083269.97522
2019-09-03 09:00:00,12435000.0,12959000.0,12310000.0,12703000.0,9806.45336225,124030874069.93253
2019-09-04 09:00:00,12722000.0,12900000.0,12438000.0,12641000.0,6669.27583971,84250038678.29063
2019-09-05 09:00:00,12636000.0,12752000.0,12533000.0,12644000.0,3920.57195261,49529989107.0378
2019-09-06 09:00:00,12644000.0,13014000.0,12306000.0,12341000.0,8927.34060442,113421449490.96562
2019-09-07 09:00:00,12340000.0,12588000.0,12335000.0,12473000.0,3300.44318828,41093245850.74858
2019-09-08 09:00:00,12475000.0,12579000.0,12271000.0,12370000.0,2998.75719124,37241378038.45429
2019-09-09 09:00:00,12370000.0,12480000.0,12010000.0,12278000.0,5421.69210394,66431799125.39599
2019-09-10 09:00:00,12270000.0,12330000.0,11962000.0,12078000.0,3132.17632188,38089901706.28362
2019-09-11 09:00:00,12073000.0,12255000.0,11858000.0,12162000.0,3747.82512087,45147419832.41659
2019-09-12 09:00:00,12163000.0,12466000.0,12038000.0,12427000.0,3436.84212336,42070122634.02177
2019-09-13 09:00:00,12418000.0,12444000.0,12137000.0,12306000.0,2443.51292131,30017708367.37842
2019-09-14 09:00:00,12306000.0,12330000.0,12147000.0,12253000.0,2424.39093154,29727338744.49301
2019-09-15 09:00:00,12258000.0,12290000.0,12150000.0,12169000.0,2032.31464177,24787619670.48587
2019-09-16 09:00:00,12176000.0,12251000.0,11953000.0,12133000.0,3908.91952001,47334758373.4437
2019-09-17 09:00:00,12133000.0,12136000.0,12001000.0,12061000.0,4203.17884704,50717638290.33221
2019-09-18 09:00:00,12060000.0,12154000.0,12010000.0,12050000.0,3927.0798215,47420990225.98303
2019-09-19 09:00:00,12049000.0,12250000.0,11556000.0,12180000.0,6904.491687,81918464278.2582
2019-09-20 09:00:00,12175000.0,12222000.0,12002000.0,12074000.0,3081.28623456,37229747926.49026
2019-09-21 09:00:00,12074000.0,12080000.0,11808000.0,11891000.0,2493.56516351,29757655305.17087
2019-09-22 09:00:00,11891000.0,11980000.0,11733000.0,11936000.0,3173.26096381,37670180391.84503
2019-09-23 09:00:00,11943000.0,11960000.0,11490000.0,11545000.0,4597.23259343,53889241967.49019
2019-09-24 09:00:00,11545000.0,11668000.0,9800000.0,10194000.0,12189.27183059,131311857635.47179
2019-09-25 09:00:00,10221000.0,10587000.0,9811000.0,10143000.0,9974.20045584,100989681269.3399
2019-09-26 09:00:00,10146000.0,10200000.0,9375000.0,9700000.0,10322.36470948,101046454349.3524
2019-09-27 09:00:00,9700000.0,9914000.0,9431000.0,9833000.0,5463.77470047,52692807794.0339
2019-09-28 09:00:00,9833000.0,9972000.0,9633000.0,9874000.0,3868.14817646,37895262101.74691
2019-09-29 09:00:00,9875000.0,9907000.0,9543000.0,9670000.0,2898.38841753,28100774511.27242
2019-09-30 09:00:00,9672000.0,9984000.0,9268000.0,9945000.0,8157.17697332,78406425958.17792
2019-10-01 09:00:00,9945000.0,10234000.0,9797000.0,9987000.0,6643.78675421,66732354859.10069
2019-10-02 09:00:00,9987000.0,10092000.0,9812000.0,10077000.0,3695.09916577,36734263345.87575
2019-10-03 09:00:00,10089000.0,10130000.0,9786000.0,9937000.0,3518.31758295,34948711657.90537
2019-10-04 09:00:00,9932000.0,9942000.0,9663000.0,9755000.0,3338.16773592,32654323537.81212
2019-10-05 09:00:00,9755000.0,9791000.0,9570000.0,9720000.0,2297.85517253,22255428095.67198
2019-10-06 09:00:00,9720000.0,9754000.0,9370000.0,9443000.0,3160.75687312,30163362302.52708
2019-10-07 09:00:00,9441000.0,9893000.0,9295000.0,9749000.0,6586.42261914,63216416819.01753
2019-10-08 09:00:00,9748000.0,9928000.0,9661000.0,9728000.0,3877.77878012,37891242406.1716
2019-10-09 09:00:00,9729000.0,10300000.0,9670000.0,10182000.0,5787.8182771,58031436648.87896
2019-10-10 09:00:00,10182000.0,10305000.0,10020000.0,10167000.0,4579.45123586,46481165729.70021
2019-10-11 09:00:00,10167000.0,10443000.0,9803000.0,9814000.0,6349.28685378,63700438586.44717
2019-10-12 09:00:00,9813000.0,9978000.0,9805000.0,9867000.0,1870.88197695,18505374391.42544
2019-10-13 09:00:00,9879000.0,9997000.0,9723000.0,9807000.0,2289.99944652,22649118203.43795
2019-10-14 09:00:00,9804000.0,9907000.0,9735000.0,9871000.0,2561.96675963,25139803400.44763
2019-10-15 09:00:00,9870000.0,9944000.0,9675000.0,9719000.0,2837.93058097,27815987750.30002
2019-10-16 09:00:00,9715000.0,9733000.0,9441000.0,9525000.0,3148.02448435,30204786517.2861
2019-10-17 09:00:00,9525000.0,9649000.0,9460000.0,9563000.0,2313.84172892,22073646950.86906
2019-10-18 09:00:00,9563000.0,9626000.0,9350000.0,9434000.0,2708.5521542,25556298238.66218
2019-10-19 09:00:00,9428000.0,9560000.0,9360000.0,9437000.0,1841.45389053,17404523434.46427
2019-10-20 09:00:00,9446000.0,9814000.0,9373000.0,9710000.0,2624.45985664,25077308418.71932
2019-10-21 09:00:00,9698000.0,9801000.0,9610000.0,9663000.0,2955.21784118,28666803818.89707
2019-10-22 09:00:00,9663000.0,9774000.0,9451000.0,9470000.0,2690.5030671,25948459059.29083
2019-10-23 09:00:00,9469000.0,9525000.0,8689000.0,8826000.0,7029.06223189,63440499259.29793
2019-10-24 09:00:00,8826000.0,8872000.0,8630000.0,8743000.0,3195.99332726,27981734688.85916
2019-10-25 09:00:00,8743000.0,10128000.0,8706000.0,10063000.0,9376.12602054,89080424731.90956
2019-10-26 09:00:00,10063000.0,11899000.0,10015000.0,10730000.0,24630.11773568,269128618858.57144
2019-10-27 09:00:00,10727000.0,11275000.0,10551000.0,10975000.0,13557.94011661,148700608508.1477
2019-10-28 09:00:00,10975000.0,11377000.0,10719000.0,10736000.0,7680.15692763,84515204724.10098
2019-10-29 09:00:00,10731000.0,11056000.0,10630000.0,10894000.0,5143.49786317,55967079373.82939
2019-10-30 09:00:00,10903000.0,10915000.0,10501000.0,10682000.0,4599.59655203,49189378637.83092
2019-10-31 09:00:00,10682000.0,10990000.0,10488000.0,10692000.0,5113.48198377,54875677152.97942
2019-11-01 09:00:00,10698000.0,10857000.0,10604000.0,10805000.0,3200.02664451,34271914389.51104
2019-11-02 09:00:00,10805000.0,10970000.0,10754000.0,10851000.0,2544.98218191,27596836698.10383
2019-11-03 09:00:00,10851000.0,10943000.0,10660000.0,10765000.0,2156.98902181,23265123468.26498
2019-11-04 09:00:00,10765000.0,10996000.0,10645000.0,10846000.0,3242.36581783,34979608606.58006
2019-11-05 09:00:00,10846000.0,10918000.0,10674000.0,10752000.0,3398.668628,36670695777.14769
2019-11-06 09:00:00,10752000.0,10842000.0,10711000.0,10751000.0,2355.01125361,25350992809.11917
2019-11-07 09:00:00,10752000.0,10795000.0,10546000.0,10668000.0,2897.74288014,30913317792.00885
2019-11-08 09:00:00,10668000.0,10724000.0,10103000.0,10212000.0,4766.43183569,49511704409.46123
2019-11-09 09:00:00,10213000.0,10319000.0,10172000.0,10248000.0,1786.85694212,18321019288.37803
2019-11-10 09:00:00,10248000.0,10589000.0,10160000.0,10496000.0,2837.97081756,29429356440.00829
2019-11-11 09:00:00,10496000.0,10511000.0,10069000.0,10168000.0,3782.32118472,38742001326.4286
2019-11-12 09:00:00,10168000.0,10320000.0,10000000.0,10257000.0,3027.28853194,30792065011.85945
2019-11-13 09:00:00,10259000.0,10287000.0,10143000.0,10211000.0,1876.98070932,19145546177.0855
2019-11-14 09:00:00,10212000.0,10232000.0,10039000.0,10075000.0,2156.61569204,21801449664.22481
2019-11-15 09:00:00,10075000.0,10212000.0,9860000.0,9914000.0,4147.27478969,41477801451.16277
2019-11-16 09:00:00,9909000.0,9992000.0,9880000.0,9926000.0,1761.1646507,17474462137.19867
2019-11-17 09:00:00,9934000.0,10056000.0,9820000.0,9924000.0,1815.96429459,18060048970.57991
2019-11-18 09:00:00,9924000.0,9934000.0,9531000.0,9580000.0,3352.42119732,32792043310.72097
2019-11-19 09:00:00,9580000.0,9615000.0,9361000.0,9503000.0,3631.799952,34452111122.49173
2019-11-20 09:00:00,9509000.0,9553000.0,9410000.0,9486000.0,2431.5636425,23058987144.27432
2019-11-21 09:00:00,9486000.0,9525000.0,8901000.0,9024000.0,6010.80668969,55308644720.16394
2019-11-22 09:00:00,9024000.0,9123000.0,8202000.0,8651000.0,10814.24485621,93391117685.63367
2019-11-23 09:00:00,8661000.0,8712000.0,8405000.0,8670000.0,3952.26249858,33850080658.51349
2019-11-24 09:00:00,8675000.0,8693000.0,8164000.0,8218000.0,4506.87052334,37940617155.55644
2019-11-25 09:00:00,8217000.0,8633000.0,7683000.0,8338000.0,13648.46006191,111235431131.05804
2019-11-26 09:00:00,8338000.0,8627000.0,8240000.0,8410000.0,5867.68876664,49374020762.80759
2019-11-27 09:00:00,8413000.0,8900000.0,8041000.0,8702000.0,9265.75223133,78036777970.6851
2019-11-28 09:00:00,8700000.0,8903000.0,8615000.0,8674000.0,4045.7239098,35384894253.29519
2019-11-29 09:00:00,8672000.0,9200000.0,8658000.0,9037000.0,4210.80049996,37638406443.31399
2019-11-30 09:00:00,9035000.0,9106000.0,8726000.0,8838000.0,2495.78793255,22305240923.3703
2019-12-01 09:00:00,8838000.0,8840000.0,8480000.0,8630000.0,3023.698278,26066009346.83703
2019-12-02 09:00:00,8630000.0,8705000.0,8415000.0,8585000.0,1837.43925831,15714767986.39316
2019-12-03 09:00:00,8590000.0,8700000.0,8520000.0,8607000.0,1641.81595301,14144230521.27084
2019-12-04 09:00:00,8607000.0,8996000.0,8432000.0,8515000.0,5171.38101548,44778200122.78624
2019-12-05 09:00:00,8515000.0,8810000.0,8480000.0,8685000.0,3969.79229665,34354288789.64471
2019-12-06 09:00:00,8685000.0,8852000.0,8614000.0,8813000.0,3039.17313756,26463749586.85809
2019-12-07 09:00:00,8815000.0,8897000.0,8776000.0,8784000.0,1910.69581081,16856577567.12357
2019-12-08 09:00:00,8784000.0,8857000.0,8670000.0,8807000.0,2000.92140277,17561562887.79252
2019-12-09 09:00:00,8807000.0,8891000.0,8640000.0,8679000.0,3125.56191138,27444900233.5498
2019-12-10 09:00:00,8679000.0,8749000.0,8480000.0,8537000.0,2949.17212834,25451639641.20134
2019-12-11 09:00:00,8539000.0,8592000.0,8419000.0,8490000.0,1897.01475656,16156817415.65165
2019-12-12 09:00:00,8490000.0,8566000.0,8360000.0,8437000.0,2457.07047864,20772768614.45036
2019-12-13 09:00:00,8438000.0,8577000.0,8430000.0,8490000.0,2163.02130941,18349093540.30931
2019-12-14 09:00:00,8490000.0,8520000.0,8200000.0,8277000.0,2408.92097104,20194039087.57045
2019-12-15 09:00:00,8277000.0,8440000.0,8190000.0,8319000.0,1911.20234202,15864899581.16213
2019-12-16 09:00:00,8319000.0,8347000.0,8017000.0,8050000.0,2333.04536211,19139495161.41346
2019-12-17 09:00:00,8058000.0,8108000.0,7700000.0,7742000.0,4587.86377499,36267738374.63466
2019-12-18 09:00:00,7741000.0,8668000.0,7546000.0,8466000.0,7394.86247818,58866546299.65807
2019-12-19 09:00:00,8466000.0,8590000.0,8210000.0,8328000.0,4444.33915592,37094382370.39195
2019-12-20 09:00:00,8329000.0,8395000.0,8241000.0,8338000.0,2315.68010263,19260477837.46148
2019-12-21 09:00:00,8342000.0,8342000.0,8260000.0,8295000.0,952.39697702,7904936683.07831
2019-12-22 09:00:00,8295000.0,8696000.0,8277000.0,8689000.0,2717.8458866,23008097682.24533
2019-12-23 09:00:00,8688000.0,8890000.0,8456000.0,8520000.0,5451.7473576,47475904169.37631
2019-12-24 09:00:00,8520000.0,8630000.0,8354000.0,8470000.0,3635.40093186,30918612123.69409
2019-12-25 09:00:00,8460000.0,8471000.0,8317000.0,8370000.0,1857.22709208,15603911383.43883
2019-12-26 09:00:00,8370000.0,8595000.0,8317000.0,8371000.0,2740.2112794,23015609826.01268
2019-12-27 09:00:00,8367000.0,8424000.0,8195000.0,8385000.0,2402.06470551,20006753451.82146
2019-12-28 09:00:00,8385000.0,8479000.0,8376000.0,8432000.0,1725.5127045,14554673138.96279
2019-12-29 09:00:00,8428000.0,8639000.0,8388000.0,8486000.0,2486.01610538,21095568479.77485
2019-12-30 09:00:00,8486000.0,8496000.0,8331000.0,8341000.0,2355.80361501,19849732355.62998
2019-12-31 09:00:00,8343000.0,8439000.0,8260000.0,8312000.0,1846.5409191,15395058519.21328
2020-01-01 09:00:00,8308000.0,8387000.0,8287000.0,8300000.0,1030.45814676,8582255396.02558
2020-01-02 09:00:00,8300000.0,8310000.0,8026000.0,8037000.0,2054.03956598,16790797168.07339
2020-01-03 09:00:00,8038000.0,8525000.0,7910000.0,8474000.0,5887.00880804,49021606425.72705
2020-01-04 09:00:00,8476000.0,8520000.0,8382000.0,8482000.0,1987.26688134,16789801499.44245
2020-01-05 09:00:00,8483000.0,8645000.0,8436000.0,8454000.0,2807.832172,24039161184.35222
2020-01-06 09:00:00,8451000.0,8890000.0,8446000.0,8866000.0,5340.14041587,46379071124.21256
2020-01-07 09:00:00,8866000.0,9444000.0,8865000.0,9398000.0,8896.19194694,80878156552.8778
2020-01-08 09:00:00,9386000.0,9736000.0,9030000.0,9085000.0,13024.51495279,123019277437.88495
2020-01-09 09:00:00,9084000.0,9142000.0,8900000.0,8941000.0,5174.23891081,46561753849.07573
2020-01-10 09:00:00,8940000.0,9250000.0,8750000.0,9233000.0,6980.82897357,62925329692.41817
2020-01-11 09:00:00,9218000.0,9350000.0,9047000.0,9060000.0,4233.99262116,38861047625.40993
2020-01-12 09:00:00,9066000.0,9250000.0,9014000.0,9213000.0,2412.74898932,22101988619.26872
2020-01-13 09:00:00,9218000.0,9227000.0,9101000.0,9172000.0,1991.09310408,18249005011.62269
2020-01-14 09:00:00,9179000.0,9859000.0,9162000.0,9716000.0,11554.39037004,110231380420.97162
2020-01-15 09:00:00,9716000.0,9917000.0,9498000.0,9735000.0,8125.75207139,79085766458.35992
2020-01-16 09:00:00,9735000.0,9855000.0,9561000.0,9785000.0,4081.48265366,39665434450.60096
2020-01-17 09:00:00,9789000.0,10216000.0,9719000.0,9992000.0,8319.12836052,83412175524.28444
2020-01-18 09:00:00,9997000.0,10167000.0,9900000.0,10085000.0,3865.42130063,38838416041.82468
2020-01-19 09:00:00,10085000.0,10484000.0,9734000.0,9887000.0,8567.01218693,86262593734.9222
2020-01-20 09:00:00,9886000.0,9951000.0,9775000.0,9851000.0,3320.61609519,32790031642.56386
2020-01-21 09:00:00,9856000.0,10014000.0,9800000.0,9958000.0,2842.75512757,28124677203.53503
2020-01-22 09:00:00,9960000.0,10091000.0,9845000.0,9922000.0,2972.58459218,29600935084.98802
2020-01-23 09:00:00,9922000.0,9930000.0,9623000.0,9750000.0,3630.5273721,35440547073.00841
2020-01-24 09:00:00,9750000.0,9885000.0,9631000.0,9813000.0,2941.43472294,28685136535.53574
2020-01-25 09:00:00,9816000.0,9816000.0,9669000.0,9745000.0,1443.81660204,14030173932.57782
2020-01-26 09:00:00,9745000.0,9986000.0,9700000.0,9966000.0,2221.71968044,21899391391.92468
2020-01-27 09:00:00,9966000.0,10277000.0,9948000.0,10132000.0,4801.26130294,48415199217.52405
2020-01-28 09:00:00,10128000.0,10601000.0,10127000.0,10570000.0,6620.77416871,68462839033.31838
2020-01-29 09:00:00,10570000.0,10780000.0,10500000.0,10670000.0,5305.29886421,56351664844.84832
2020-01-30 09:00:00,10670000.0,10882000.0,10520000.0,10779000.0,5029.07029051,53656097225.64684
2020-01-31 09:00:00,10778000.0,10841000.0,10642000.0,10781000.0,3618.06000067,38857928207.28571
2020-02-01 09:00:00,10781000.0,10918000.0,10770000.0,10820000.0,2886.0973791,31294876435.39403
2020-02-02 09:00:00,10820000.0,10887000.0,10680000.0,10765000.0,3318.26175912,35841614441.05652
2020-02-03 09:00:00,10765000.0,10975000.0,10715000.0,10750000.0,3683.40186368,39872569783.4332
2020-02-04 09:00:00,10750000.0,10790000.0,10504000.0,10635000.0,4273.50735062,45509665494.21313
2020-02-05 09:00:00,10636000.0,11116000.0,10589000.0,11054000.0,5644.68431028,61300553914.19267
2020-02-06 09:00:00,11068000.0,11410000.0,10905000.0,11264000.0,5742.27238319,64300123937.46006
2020-02-07 09:00:00,11269000.0,11610000.0,11256000.0,11490000.0,4139.85704717,47385485847.47539
2020-02-08 09:00:00,11490000.0,11600000.0,11257000.0,11568000.0,4372.50942089,49928407922.05405
2020-02-09 09:00:00,11568000.0,11863000.0,11567000.0,11821000.0,4936.95291749,57924089180.77049
2020-02-10 09:00:00,11821000.0,11864000.0,11392000.0,11520000.0,5213.48423455,60459892531.15172
2020-02-11 09:00:00,11520000.0,11950000.0,11269000.0,11819000.0,6034.79122331,69984450456.1307
2020-02-12 09:00:00,11820000.0,11956000.0,11761000.0,11793000.0,6619.13819041,78341582233.6628
2020-02-13 09:00:00,11793000.0,12044000.0,11580000.0,11793000.0,9190.66395973,108560211308.22157
2020-02-14 09:00:00,11793000.0,11899000.0,11717000.0,11845000.0,4420.81384236,52247414483.7466
2020-02-15 09:00:00,11857000.0,11889000.0,11400000.0,11503000.0,4844.00618252,56761104058.12535
2020-02-16 09:00:00,11513000.0,11766000.0,11320000.0,11659000.0,5377.24392055,61959756344.30487
2020-02-17 09:00:00,11659000.0,11691000.0,11136000.0,11438000.0,5888.97179664,67010421516.05557
2020-02-18 09:00:00,11438000.0,11900000.0,11308000.0,11838000.0,5450.8758839,62996029296.63419
2020-02-19 09:00:00,11837000.0,11973000.0,11350000.0,11415000.0,5713.59402305,67070310930.24622
2020-02-20 09:00:00,11419000.0,11580000.0,11350000.0,11520000.0,6303.71044042,72234337182.59335
2020-02-21 09:00:00,11532000.0,11620000.0,11454000.0,11498000.0,4249.29863364,49077437552.63174
2020-02-22 09:00:00,11498000.0,11529000.0,11395000.0,11496000.0,1836.08707185,21067376074.52816
2020-02-23 09:00:00,11495000.0,11831000.0,11482000.0,11753000.0,3288.45979643,38424742191.869
2020-02-24 09:00:00,11753000.0,11840000.0,11555000.0,11633000.0,3115.02855796,36343856049.82913
2020-02-25 09:00:00,11635000.0,11639000.0,11280000.0,11330000.0,3895.25756826,44619424372.32915
2020-02-26 09:00:00,11330000.0,11408000.0,10628000.0,10741000.0,7477.71264507,82455216388.6713
2020-02-27 09:00:00,10742000.0,10888000.0,10313000.0,10699000.0,6437.73425905,68530906781.28176
2020-02-28 09:00:00,10696000.0,10840000.0,10306000.0,10575000.0,5181.61535688,54606619565.01113
2020-02-29 09:00:00,10575000.0,10631000.0,10371000.0,10374000.0,2145.36310753,22523893822.66752
2020-03-01 09:00:00,10380000.0,10559000.0,10287000.0,10374000.0,3275.71519136,34073229456.85715
2020-03-02 09:00:00,10358000.0,10749000.0,10326000.0,10675000.0,3010.56353784,31672027841.03262
2020-03-03 09:00:00,10675000.0,10689000.0,10405000.0,10502000.0,2858.43820794,30119548760.45767
2020-03-04 09:00:00,10502000.0,10588000.0,10420000.0,10503000.0,2250.68759875,23622827783.23433
2020-03-05 09:00:00,10504000.0,10869000.0,10494000.0,10791000.0,3582.13634673,38380097237.09234
2020-03-06 09:00:00,10791000.0,10890000.0,10720000.0,10840000.0,2353.86089792,25470551278.05139
2020-03-07 09:00:00,10852000.0,10980000.0,10648000.0,10678000.0,2335.98366227,25243997328.05842
2020-03-08 09:00:00,10678000.0,10699000.0,9820000.0,9876000.0,5043.98089229,51846074009.69201
2020-03-09 09:00:00,9883000.0,10064000.0,9356000.0,9726000.0,7692.57580749,74351398658.28822
2020-03-10 09:00:00,9726000.0,9849000.0,9413000.0,9574000.0,4439.33233281,42778061109.16792
2020-03-11 09:00:00,9574000.0,9637000.0,9163000.0,9510000.0,4110.01716377,38718191633.9791
2020-03-12 09:00:00,9507000.0,9537000.0,5980000.0,6363000.0,29866.02509793,235086071483.29202
2020-03-13 09:00:00,6362000.0,7470000.0,5489000.0,7267000.0,50282.2630063,338082041287.79266
2020-03-14 09:00:00,7261000.0,7284000.0,6600000.0,6823000.0,12799.58220451,89133217358.10507
2020-03-15 09:00:00,6823000.0,7298000.0,6660000.0,6909000.0,10779.97008444,74519102976.46239
2020-03-16 09:00:00,6905000.0,6914000.0,6000000.0,6385000.0,19383.80784892,123963673882.0257
2020-03-17 09:00:00,6385000.0,6885000.0,6280000.0,6774000.0,14938.32946615,99557225303.8215
2020-03-18 09:00:00,6774000.0,6895000.0,6371000.0,6745000.0,13630.45744463,90178224521.26544
2020-03-19 09:00:00,6747000.0,8111000.0,6613000.0,7679000.0,22522.27502999,163162496920.4249
2020-03-20 09:00:00,7675000.0,8645000.0,7384000.0,7781000.0,24142.35878974,193507467825.9072
2020-03-21 09:00:00,7788000.0,8093000.0,7415000.0,7740000.0,11663.73945474,90568223997.41066
2020-03-22 09:00:00,7740000.0,7970000.0,7335000.0,7366000.0,8795.77503858,67529265090.97894
2020-03-23 09:00:00,7379000.0,8189000.0,7219000.0,8047000.0,16867.52953401,130578086382.88248
2020-03-24 09:00:00,8047000.0,8412000.0,7892000.0,8367000.0,15158.03958932,124421564467.6691
2020-03-25 09:00:00,8362000.0,8538000.0,8080000.0,8271000.0,12629.11800824,104387572650.63805
2020-03-26 09:00:00,8276000.0,8344000.0,8091000.0,8272000.0,6160.81327022,50572458751.8524
2020-03-27 09:00:00,8281000.0,8365000.0,7820000.0,7880000.0,6749.55305514,55144155849.46984
2020-03-28 09:00:00,7883000.0,7885000.0,7403000.0,7656000.0,7702.10233717,58835916140.38488
2020-03-29 09:00:00,7658000.0,7679000.0,7215000.0,7218000.0,4443.49787898,33144434809.19465
2020-03-30 09:00:00,7218000.0,8014000.0,7199000.0,7798000.0,9173.56085136,70373556933.76357
2020-03-31 09:00:00,7794000.0,7989000.0,7735000.0,7799000.0,6667.69225968,52283714552.81296
2020-04-01 09:00:00,7799000.0,8096000.0,7529000.0,8074000.0,6726.18023048,52150557186.0416
2020-04-02 09:00:00,8065000.0,8505000.0,7989000.0,8174000.0,12240.95376526,100090375777.17305
2020-04-03 09:00:00,8160000.0,8434000.0,8041000.0,8156000.0,7822.87703206,64473002955.66061
2020-04-04 09:00:00,8149000.0,8333000.0,8100000.0,8249000.0,3955.73334087,32433052095.35902
2020-04-05 09:00:00,8248000.0,8280000.0,8100000.0,8198000.0,2884.40931408,23644907828.99628
2020-04-06 09:00:00,8198000.0,8800000.0,8183000.0,8786000.0,8571.0711143,72706844879.92377
2020-04-07 09:00:00,8777000.0,8957000.0,8544000.0,8660000.0,8498.13271433,74538410402.35628
2020-04-08 09:00:00,8652000.0,8913000.0,8621000.0,8821000.0,5003.68118787,43997731887.30369
2020-04-09 09:00:00,8821000.0,8853000.0,8648000.0,8804000.0,4206.92418803,36987971406.59018
2020-04-10 09:00:00,8803000.0,8825000.0,8241000.0,8414000.0,6529.56215242,55351728618.89104
2020-04-11 09:00:00,8413000.0,8535000.0,8318000.0,8463000.0,2654.49523735,22368574096.73553
2020-04-12 09:00:00,8463000.0,8752000.0,8341000.0,8470000.0,4191.06001998,35752626298.30619
2020-04-13 09:00:00,8464000.0,8472000.0,8162000.0,8379000.0,5377.6360057,44627031065.6945
2020-04-14 09:00:00,8379000.0,8456000.0,8272000.0,8378000.0,3625.16088474,30379576002.29706
2020-04-15 09:00:00,8375000.0,8415000.0,8089000.0,8108000.0,3098.61249041,25649898511.09893
2020-04-16 09:00:00,8107000.0,8621000.0,7929000.0,8562000.0,8091.89938013,67629188061.75458
2020-04-17 09:00:00,8557000.0,8611000.0,8480000.0,8519000.0,3897.44973793,33310417689.91315
2020-04-18 09:00:00,8519000.0,8752000.0,8510000.0,8712000.0,3336.68352877,28862336552.48961
2020-04-19 09:00:00,8712000.0,8734000.0,8546000.0,8660000.0,2777.53215337,24012550572.2958
2020-04-20 09:00:00,8660000.0,8720000.0,8366000.0,8387000.0,4451.04386799,38092530426.45303
2020-04-21 09:00:00,8387000.0,8498000.0,8300000.0,8407000.0,3426.08047539,28791068485.2382
2020-04-22 09:00:00,8407000.0,8675000.0,8384000.0,8636000.0,3244.89172282,27659407696.30417
2020-04-23 09:00:00,8640000.0,9167000.0,8567000.0,9057000.0,7418.27381504,65954842381.01504
2020-04-24 09:00:00,9052000.0,9231000.0,8985000.0,9100000.0,5226.5308807,47706101913.20312
2020-04-25 09:00:00,9100000.0,9280000.0,9060000.0,9164000.0,3113.15926538,28532180064.85698
2020-04-26 09:00:00,9155000.0,9377000.0,9149000.0,9376000.0,3784.44629212,34981047552.61548
2020-04-27 09:00:00,9376000.0,9495000.0,9313000.0,9490000.0,4609.29072228,43330227689.96457
2020-04-28 09:00:00,9490000.0,9497000.0,9339000.0,9410000.0,3693.3169669,34671169783.04715
2020-04-29 09:00:00,9410000.0,10681000.0,9376000.0,10530000.0,11013.08164828,110444379579.33873
2020-04-30 09:00:00,10530000.0,11435000.0,10279000.0,10477000.0,18049.43050523,195179858446.4715
2020-05-01 09:00:00,10477000.0,11049000.0,10458000.0,10773000.0,7311.8450116,78473555696.99442
2020-05-02 09:00:00,10773000.0,10938000.0,10640000.0,10882000.0,4199.29888037,45342652581.14126
2020-05-03 09:00:00,10881000.0,11125000.0,10696000.0,10887000.0,5450.49595586,59616651319.59256
2020-05-04 09:00:00,10882000.0,10955000.0,10451000.0,10850000.0,6138.50405855,65617970194.4403
2020-05-05 09:00:00,10837000.0,11020000.0,10740000.0,10972000.0,5217.54069649,56764303650.11487
2020-05-06 09:00:00,10967000.0,11445000.0,10879000.0,11269000.0,7257.03242322,80958950441.74101
2020-05-07 09:00:00,11269000.0,12062000.0,11128000.0,11998000.0,10671.04670395,123671894271.41872
2020-05-08 09:00:00,11988000.0,12163000.0,11810000.0,11881000.0,7019.78931565,84166531533.30441
2020-05-09 09:00:00,11881000.0,11950000.0,11477000.0,11550000.0,6605.95307729,77216475460.70932
2020-05-10 09:00:00,11553000.0,11600000.0,10220000.0,10671000.0,14835.99641846,158191134175.9349
2020-05-11 09:00:00,10672000.0,11248000.0,10121000.0,10448000.0,13828.24763273,147447309178.38083
2020-05-12 09:00:00,10441000.0,10866000.0,10400000.0,10677000.0,5819.8769528,61999569614.48859
2020-05-13 09:00:00,10680000.0,11347000.0,10660000.0,11268000.0,5944.67623229,65233296419.20462
2020-05-14 09:00:00,11265000.0,11945000.0,11215000.0,11776000.0,10116.56034255,117382662080.18298
2020-05-15 09:00:00,11777000.0,11839000.0,11229000.0,11314000.0,8174.219288,93931677153.55693
2020-05-16 09:00:00,11314000.0,11570000.0,11175000.0,11325000.0,4514.14006125,51370088939.91094
2020-05-17 09:00:00,11322000.0,11831000.0,11275000.0,11619000.0,5191.71177335,60280951872.94652
2020-05-18 09:00:00,11619000.0,11899000.0,11380000.0,11705000.0,6557.54613956,76636994385.49396
2020-05-19 09:00:00,11704000.0,11833000.0,11430000.0,11727000.0,6500.9196183,75842909560.02188
2020-05-20 09:00:00,11727000.0,11800000.0,11350000.0,11532000.0,5246.78872844,60920389156.02524
2020-05-21 09:00:00,11533000.0,11609000.0,10798000.0,11089000.0,7323.04594878,82011331058.865
2020-05-22 09:00:00,11089000.0,11242000.0,10900000.0,11117000.0,4239.65573952,46992384425.02881
2020-05-23 09:00:00,11117000.0,11299000.0,11048000.0,11140000.0,2106.46390938,23533380573.82142
2020-05-24 09:00:00,11140000.0,11249000.0,10630000.0,10664000.0,3564.63324161,39202816222.70366
2020-05-25 09:00:00,10663000.0,10886000.0,10507000.0,10825000.0,4299.98228167,45994606185.37958
2020-05-26 09:00:00,10821000.0,10929000.0,10611000.0,10729000.0,3154.58974572,34017141090.68883
2020-05-27 09:00:00,10724000.0,11187000.0,10722000.0,11163000.0,4433.78330122,48719227591.04233
2020-05-28 09:00:00,11151000.0,11600000.0,11104000.0,11579000.0,4438.47314114,50285107803.29857
2020-05-29 09:00:00,11579000.0,11603000.0,11276000.0,11398000.0,2986.57917583,34168970855.99476
2020-05-30 09:00:00,11397000.0,11603000.0,11303000.0,11581000.0,3047.33666992,34962042868.58011
2020-05-31 09:00:00,11583000.0,11585000.0,11363000.0,11432000.0,2525.31346136,28986252421.63876
2020-06-01 09:00:00,11432000.0,12230000.0,11402000.0,12112000.0,6160.91557592,72340680825.97015
2020-06-02 09:00:00,12111000.0,12173000.0,11301000.0,11520000.0,8745.47328502,102916956260.46538
2020-06-03 09:00:00,11520000.0,11661000.0,11401000.0,11648000.0,3039.98605262,35062388672.07668
2020-06-04 09:00:00,11659000.0,11865000.0,11470000.0,11784000.0,4182.02295157,48833048011.10401
2020-06-05 09:00:00,11785000.0,11855000.0,11561000.0,11597000.0,2593.82582445,30417222202.8857
2020-06-06 09:00:00,11601000.0,11699000.0,11512000.0,11641000.0,1459.86807286,16923944615.25668
2020-06-07 09:00:00,11641000.0,11786000.0,11373000.0,11687000.0,2655.73231992,30687558395.58496
2020-06-08 09:00:00,11680000.0,11719000.0,11560000.0,11690000.0,1728.38288947,20145057135.3058
2020-06-09 09:00:00,11690000.0,11777000.0,11550000.0,11688000.0,2610.12478709,30362395603.98765
2020-06-10 09:00:00,11688000.0,11847000.0,11590000.0,11737000.0,2283.58557932,26666609379.25478
2020-06-11 09:00:00,11732000.0,11799000.0,11058000.0,11090000.0,4545.21507399,52048827002.70474
2020-06-12 09:00:00,11090000.0,11449000.0,11062000.0,11380000.0,2651.81738048,30023306034.86605
2020-06-13 09:00:00,11374000.0,11406000.0,11272000.0,11388000.0,1212.95040947,13771682146.27066
2020-06-14 09:00:00,11382000.0,11395000.0,11156000.0,11246000.0,1408.07350246,15908809805.70998
2020-06-15 09:00:00,11246000.0,11415000.0,10770000.0,11346000.0,4693.79393111,52014354737.37485
2020-06-16 09:00:00,11339000.0,11492000.0,11267000.0,11453000.0,3026.56824254,34502891643.72859
2020-06-17 09:00:00,11453000.0,11517000.0,11320000.0,11437000.0,2739.25545593,31238353648.22276
2020-06-18 09:00:00,11437000.0,11445000.0,11224000.0,11341000.0,2323.41197278,26381811751.81141
2020-06-19 09:00:00,11341000.0,11382000.0,11150000.0,11286000.0,2389.5177849,26946529628.96914
2020-06-20 09:00:00,11285000.0,11351000.0,11155000.0,11325000.0,1263.73290014,14231412199.29186
2020-06-21 09:00:00,11317000.0,11355000.0,11225000.0,11238000.0,909.55526989,10272158821.35106
2020-06-22 09:00:00,11235000.0,11675000.0,11232000.0,11593000.0,2696.34450507,30791755247.68615
2020-06-23 09:00:00,11593000.0,11649000.0,11488000.0,11509000.0,2329.40394614,26891343457.95127
2020-06-24 09:00:00,11506000.0,11553000.0,11110000.0,11233000.0,3231.00130679,36619784579.24557
2020-06-25 09:00:00,11232000.0,11232000.0,10842000.0,11147000.0,2709.1098932,29988117921.97428
2020-06-26 09:00:00,11151000.0,11185000.0,10901000.0,11045000.0,2087.94129459,23059816065.19254
2020-06-27 09:00:00,11045000.0,11051000.0,10791000.0,10913000.0,1712.14624703,18748578163.86562
2020-06-28 09:00:00,10913000.0,11163000.0,10756000.0,10970000.0,2015.60242521,21976597777.58106
2020-06-29 09:00:00,10970000.0,11033000.0,10814000.0,10972000.0,1945.52309302,21264996335.17508
2020-06-30 09:00:00,10980000.0,11004000.0,10882000.0,10903000.0,1491.98629021,16317539319.76393
2020-07-01 09:00:00,10903000.0,11111000.0,10887000.0,11051000.0,1746.77991866,19167980240.11128
2020-07-02 09:00:00,11041000.0,11077000.0,10772000.0,10888000.0,2255.06730644,24728362589.51425
2020-07-03 09:00:00,10888000.0,10920000.0,10821000.0,10837000.0,1446.240884,15727116468.99827
2020-07-04 09:00:00,10845000.0,10960000.0,10814000.0,10884000.0,1102.13769,11972124979.85412
2020-07-05 09:00:00,10883000.0,10900000.0,10700000.0,10831000.0,1232.80955825,13334433838.9294
2020-07-06 09:00:00,10831000.0,11102000.0,10796000.0,11065000.0,2834.35626338,31078720052.75661
2020-07-07 09:00:00,11065000.0,11097000.0,10952000.0,10988000.0,1828.51713339,20112615095.54035
2020-07-08 09:00:00,10988000.0,11208000.0,10968000.0,11138000.0,3274.76981902,36222534300.68448
2020-07-09 09:00:00,11135000.0,11149000.0,10906000.0,10961000.0,2625.43221633,29019864172.58648
2020-07-10 09:00:00,10961000.0,11062000.0,10880000.0,11043000.0,2044.03731083,22365040789.62106
2020-07-11 09:00:00,11039000.0,11044000.0,10910000.0,10957000.0,1039.64848925,11412149191.39162
2020-07-12 09:00:00,10968000.0,11061000.0,10915000.0,11036000.0,1317.60522056,14475567008.02348
2020-07-13 09:00:00,11036000.0,11063000.0,10908000.0,11000000.0,2605.40348195,28708587699.24053
2020-07-14 09:00:00,11011000.0,11040000.0,10925000.0,11010000.0,2495.54897178,27426619157.0111
2020-07-15 09:00:00,11011000.0,11017000.0,10955000.0,10975000.0,1649.89414782,18128428283.91464
2020-07-16 09:00:00,10975000.0,11003000.0,10835000.0,10934000.0,2068.3561921,22590778578.36891
2020-07-17 09:00:00,10924000.0,10980000.0,10875000.0,10937000.0,1615.75315293,17633051344.94775
2020-07-18 09:00:00,10949000.0,10990000.0,10894000.0,10905000.0,948.92757814,10364274365.33872
2020-07-19 09:00:00,10908000.0,10971000.0,10869000.0,10943000.0,976.01326268,10646124008.74412
2020-07-20 09:00:00,10943000.0,10981000.0,10908000.0,10950000.0,1677.88924309,18353972822.9372
2020-07-21 09:00:00,10940000.0,11220000.0,10930000.0,11123000.0,3235.46831323,35838586966.12535
2020-07-22 09:00:00,11117000.0,11280000.0,11066000.0,11269000.0,2474.64316687,27574564361.92806
2020-07-23 09:00:00,11258000.0,11418000.0,11183000.0,11331000.0,3090.33493086,34844830670.65103
2020-07-24 09:00:00,11322000.0,11438000.0,11238000.0,11346000.0,2160.08749256,24458186720.64186
2020-07-25 09:00:00,11346000.0,11500000.0,11333000.0,11477000.0,1583.49670631,18061315980.4953
2020-07-26 09:00:00,11477000.0,11909000.0,11416000.0,11715000.0,4143.37023378,48415693383.71608
2020-07-27 09:00:00,11706000.0,13275000.0,11701000.0,12916000.0,10523.35454822,130460072284.42549
2020-07-28 09:00:00,12914000.0,13202000.0,12515000.0,12772000.0,7553.15293197,97625728882.80054
2020-07-29 09:00:00,12774000.0,13368000.0,12701000.0,13124000.0,5839.53216975,76329757196.03754
2020-07-30 09:00:00,13123000.0,13170000.0,12800000.0,13098000.0,4755.53271504,61951212852.32407
2020-07-31 09:00:00,13097000.0,13580000.0,12961000.0,13416000.0,4608.2997854,61115626279.73356
2020-08-01 09:00:00,13404000.0,13969000.0,13271000.0,13922000.0,5463.18173849,75023194211.60835
2020-08-02 09:00:00,13922000.0,14380000.0,12871000.0,13030000.0,10730.69157929,144622415973.50195
2020-08-03 09:00:00,13030000.0,13573000.0,12945000.0,13272000.0,4402.74282417,58620021046.76539
2020-08-04 09:00:00,13273000.0,13488000.0,13130000.0,13319000.0,4322.71665983,57720109204.97258
2020-08-05 09:00:00,13322000.0,13881000.0,13229000.0,13843000.0,7147.3390046,96484982554.87483
2020-08-06 09:00:00,13843000.0,14036000.0,13666000.0,13884000.0,5736.95470128,79503792786.72746
2020-08-07 09:00:00,13883000.0,14064000.0,13551000.0,13777000.0,4462.32806533,61891807766.65191
2020-08-08 09:00:00,13777000.0,13960000.0,13710000.0,13887000.0,2600.97888267,36002526305.62443
2020-08-09 09:00:00,13884000.0,13905000.0,13652000.0,13820000.0,2856.75718036,39378187572.07279
2020-08-10 09:00:00,13814000.0,14280000.0,13746000.0,13990000.0,6087.49693672,85460645789.7747
2020-08-11 09:00:00,13994000.0,14042000.0,13337000.0,13619000.0,7038.42556936,97125046629.61996
2020-08-12 09:00:00,13619000.0,13745000.0,13306000.0,13709000.0,4491.1064638,60893951822.17933
2020-08-13 09:00:00,13708000.0,13890000.0,13398000.0,13810000.0,6509.12009099,88906429409.5377
2020-08-14 09:00:00,13810000.0,13939000.0,13706000.0,13846000.0,5427.79561059,74921142332.9244
2020-08-15 09:00:00,13845000.0,14051000.0,13796000.0,13878000.0,3784.70679521,52743660027.41968
2020-08-16 09:00:00,13867000.0,13962000.0,13751000.0,13889000.0,2621.22026284,36320366073.8914
2020-08-17 09:00:00,13889000.0,14382000.0,13809000.0,14204000.0,7068.79872423,99435021020.21393
2020-08-18 09:00:00,14202000.0,14339000.0,13811000.0,14000000.0,5958.55361166,84322639567.739
2020-08-19 09:00:00,14002000.0,14084000.0,13666000.0,13878000.0,5471.16152561,75853613513.93965
2020-08-20 09:00:00,13884000.0,14050000.0,13750000.0,13967000.0,3049.38761238,42298639750.02728
2020-08-21 09:00:00,13951000.0,14012000.0,13761000.0,13781000.0,4571.55575689,63620712174.25728
2020-08-22 09:00:00,13781000.0,13850000.0,13500000.0,13840000.0,3325.65334899,45598030757.90414
2020-08-23 09:00:00,13850000.0,13856000.0,13700000.0,13802000.0,2120.58334002,29214566204.36932
2020-08-24 09:00:00,13816000.0,13940000.0,13745000.0,13876000.0,3402.10119459,47140930422.03655
2020-08-25 09:00:00,13876000.0,13884000.0,13341000.0,13476000.0,5630.21938515,76682467827.37836
2020-08-26 09:00:00,13473000.0,13633000.0,13350000.0,13561000.0,7348.77505862,99215044386.99374
2020-08-27 09:00:00,13561000.0,13675000.0,13245000.0,13401000.0,5462.36370808,73372727045.9605
2020-08-28 09:00:00,13401000.0,13550000.0,13332000.0,13549000.0,3043.46766106,40954465327.99302
2020-08-29 09:00:00,13546000.0,13568000.0,13416000.0,13470000.0,2279.26269577,30771087827.8604
2020-08-30 09:00:00,13470000.0,13687000.0,13465000.0,13671000.0,2403.72039078,32728750262.89069
2020-08-31 09:00:00,13671000.0,13840000.0,13580000.0,13739000.0,3166.15837477,43398359512.28786
2020-09-01 09:00:00,13733000.0,14097000.0,13630000.0,13974000.0,4847.35215036,67380057022.36142
2020-09-02 09:00:00,13972000.0,14010000.0,13282000.0,13571000.0,5822.80229095,79532170806.15791
2020-09-03 09:00:00,13572000.0,13670000.0,12265000.0,12303000.0,7225.31854832,94143401975.79472
2020-09-04 09:00:00,12301000.0,12773000.0,12160000.0,12636000.0,6538.45024846,81665296367.04335
2020-09-05 09:00:00,12630000.0,12762000.0,12120000.0,12382000.0,4161.03925299,51491560855.52754
2020-09-06 09:00:00,12383000.0,12493000.0,12123000.0,12353000.0,2820.7889017,34671546521.63906
2020-09-07 09:00:00,12353000.0,12450000.0,11860000.0,12388000.0,3422.90378853,41612849961.02479
2020-09-08 09:00:00,12388000.0,12448000.0,11900000.0,12131000.0,3338.50255302,40567225704.3812
2020-09-09 09:00:00,12130000.0,12290000.0,11939000.0,12177000.0,2860.20370963,34669073725.69816
2020-09-10 09:00:00,12189000.0,12435000.0,12050000.0,12328000.0,4150.91846302,51049389671.81547
2020-09-11 09:00:00,12328000.0,12388000.0,12170000.0,12336000.0,2587.41812303,31705458794.74347
2020-09-12 09:00:00,12336000.0,12455000.0,12228000.0,12379000.0,1692.15503798,20862828213.06052
2020-09-13 09:00:00,12379000.0,12571000.0,12147000.0,12377000.0,2563.92519505,31758933651.91053
2020-09-14 09:00:00,12377000.0,12736000.0,12285000.0,12659000.0,2810.17551441,35084126335.51942
2020-09-15 09:00:00,12657000.0,12913000.0,12555000.0,12814000.0,3676.58663151,46872140520.19776
2020-09-16 09:00:00,12801000.0,13050000.0,12652000.0,12913000.0,3856.19429687,49511485549.11448
2020-09-17 09:00:00,12908000.0,13050000.0,12623000.0,12811000.0,3228.03704907,41324682570.24944
2020-09-18 09:00:00,12811000.0,12837000.0,12672000.0,12777000.0,2277.28537656,29032522100.50628
2020-09-19 09:00:00,12781000.0,13036000.0,12741000.0,12940000.0,2078.8147631,26749956363.58219
2020-09-20 09:00:00,12928000.0,12942000.0,12652000.0,12819000.0,1791.11312251,22899489576.19746
2020-09-21 09:00:00,12828000.0,12828000.0,12160000.0,12290000.0,3820.68161169,47710106092.18037
2020-09-22 09:00:00,12290000.0,12380000.0,12090000.0,12344000.0,2500.06075534,30619634723.66583
2020-09-23 09:00:00,12346000.0,12348000.0,11913000.0,11943000.0,2511.56811414,30573620247.24699
2020-09-24 09:00:00,11943000.0,12695000.0,11912000.0,12500000.0,3114.32253267,37921834531.83651
2020-09-25 09:00:00,12495000.0,12550000.0,12311000.0,12455000.0,2895.53433005,35979016376.99834
2020-09-26 09:00:00,12456000.0,12550000.0,12431000.0,12506000.0,1266.60001845,15807213914.28946
2020-09-27 09:00:00,12506000.0,12597000.0,12320000.0,12515000.0,1415.11836015,17648475955.42035
2020-09-28 09:00:00,12515000.0,12795000.0,12425000.0,12468000.0,2919.95626941,36934110900.46463
2020-09-29 09:00:00,12468000.0,12688000.0,12399000.0,12601000.0,2479.36577398,30943561529.41518
2020-09-30 09:00:00,12603000.0,12615000.0,12469000.0,12558000.0,1314.25857931,16465381225.61567
2020-10-01 09:00:00,12562000.0,12678000.0,12249000.0,12440000.0,1790.8551381,22374753564.9098
2020-10-02 09:00:00,12440000.0,12470000.0,12205000.0,12423000.0,2312.40743338,28506045880.8428
2020-10-03 09:00:00,12423000.0,12434000.0,12326000.0,12393000.0,802.7589499,9938723633.48864
2020-10-04 09:00:00,12393000.0,12496000.0,12348000.0,12447000.0,869.82727895,10796257983.07942
2020-10-05 09:00:00,12446000.0,12545000.0,12385000.0,12536000.0,1578.02783002,19657622736.38049
2020-10-06 09:00:00,12536000.0,12600000.0,12330000.0,12418000.0,1745.87532903,21755259037.61206
2020-10-07 09:00:00,12408000.0,12435000.0,12337000.0,12423000.0,1357.3582234,16795131307.66865
2020-10-08 09:00:00,12422000.0,12680000.0,12280000.0,12582000.0,2422.11926188,30146096329.57559
2020-10-09 09:00:00,12582000.0,12750000.0,12503000.0,12638000.0,2245.60747516,28342240433.15135
2020-10-10 09:00:00,12637000.0,13007000.0,12628000.0,12864000.0,2416.64148094,31147460670.67601
2020-10-11 09:00:00,12858000.0,12994000.0,12817000.0,12934000.0,1337.68788409,17276197165.82384
2020-10-12 09:00:00,12934000.0,13330000.0,12855000.0,13172000.0,2796.54586265,36531375817.04888
2020-10-13 09:00:00,13176000.0,13217000.0,12999000.0,13134000.0,2608.35364561,34238417635.07639
2020-10-14 09:00:00,13134000.0,13278000.0,13040000.0,13150000.0,2472.02732154,32441374330.52814
2020-10-15 09:00:00,13150000.0,13300000.0,12993000.0,13226000.0,2393.89692128,31357389741.0706
2020-10-16 09:00:00,13230000.0,13275000.0,12893000.0,13054000.0,3130.6739236,40793097708.95239
2020-10-17 09:00:00,13054000.0,13097000.0,12970000.0,13078000.0,1046.28496844,13649081271.80747
2020-10-18 09:00:00,13078000.0,13208000.0,13050000.0,13207000.0,1089.07241064,14296380358.93317
2020-10-19 09:00:00,13207000.0,13480000.0,13095000.0,13415000.0,2364.3907116,31330928714.58417
2020-10-20 09:00:00,13420000.0,13746000.0,13339000.0,13646000.0,3296.40571857,44585873153.38422
2020-10-21 09:00:00,13645000.0,14812000.0,13615000.0,14423000.0,6403.53223854,90515014083.93057
2020-10-22 09:00:00,14420000.0,14769000.0,14320000.0,14558000.0,4262.74670726,61887193783.83324
2020-10-23 09:00:00,14558000.0,14623000.0,14340000.0,14584000.0,2925.46548654,42479103231.98717
2020-10-24 09:00:00,14579000.0,14800000.0,14514000.0,14760000.0,1868.37910888,27394992009.06993
2020-10-25 09:00:00,14760000.0,15000000.0,14556000.0,14690000.0,2314.36946658,34126819042.74478
2020-10-26 09:00:00,14687000.0,14920000.0,14358000.0,14764000.0,3031.75880427,44615941981.38006
2020-10-27 09:00:00,14772000.0,15457000.0,14683000.0,15312000.0,3964.12531994,59577301257.64167
2020-10-28 09:00:00,15300000.0,15557000.0,14635000.0,15060000.0,5752.66984652,87155753224.67662
2020-10-29 09:00:00,15060000.0,15379000.0,14703000.0,15207000.0,3516.50474491,52840743145.17352
2020-10-30 09:00:00,15207000.0,15460000.0,14899000.0,15340000.0,3753.48812746,56891439161.84115
2020-10-31 09:00:00,15340000.0,15800000.0,15205000.0,15606000.0,4066.29244901,63229851057.68679
2020-11-01 09:00:00,15606000.0,15710000.0,15461000.0,15574000.0,1806.62122615,28140915522.60095
2020-11-02 09:00:00,15574000.0,15641000.0,15011000.0,15397000.0,3643.76554264,55967421350.63518
2020-11-03 09:00:00,15396000.0,15900000.0,15150000.0,15881000.0,3888.00412551,60156003001.22734
2020-11-04 09:00:00,15881000.0,16020000.0,15431000.0,15959000.0,4673.77532383,73601397517.4738
2020-11-05 09:00:00,15959000.0,17540000.0,15900000.0,17352000.0,9583.12761365,159571298663.6492
2020-11-06 09:00:00,17352000.0,17789000.0,17060000.0,17397000.0,7786.57496665,135754882068.23746
2020-11-07 09:00:00,17397000.0,17613000.0,16252000.0,16647000.0,5131.6042485,87428894446.45905
2020-11-08 09:00:00,16650000.0,17388000.0,16520000.0,17297000.0,3402.96894151,57830395158.19685
2020-11-09 09:00:00,17276000.0,17550000.0,16695000.0,17106000.0,5112.23251786,87553016404.25432
2020-11-10 09:00:00,17106000.0,17190000.0,16872000.0,17035000.0,2656.01996837,45280472573.94203
2020-11-11 09:00:00,17035000.0,17600000.0,17009000.0,17439000.0,3969.12107234,68527517495.23057
2020-11-12 09:00:00,17439000.0,17979000.0,17200000.0,17954000.0,5384.62747384,94788178120.64919
2020-11-13 09:00:00,17952000.0,18225000.0,17640000.0,17988000.0,4395.69660087,79121871826.65977
2020-11-14 09:00:00,17988000.0,18000000.0,17455000.0,17796000.0,2786.76875718,49270818684.79876
2020-11-15 09:00:00,17796000.0,17831000.0,17545000.0,17670000.0,1842.97832877,32614011526.12462
2020-11-16 09:00:00,17670000.0,18450000.0,17555000.0,18275000.0,4191.31590965,75525657705.52017
2020-11-17 09:00:00,18275000.0,19417000.0,18207000.0,19332000.0,6075.98259617,113734368641.08484
2020-11-18 09:00:00,19344000.0,20280000.0,18865000.0,19714000.0,11453.54478504,225797611063.95428
2020-11-19 09:00:00,19714000.0,20080000.0,19385000.0,19802000.0,5978.14259544,118358151162.6491
2020-11-20 09:00:00,19800000.0,20795000.0,19771000.0,20627000.0,6145.38998316,124819498909.01587
2020-11-21 09:00:00,20627000.0,21025000.0,20200000.0,20351000.0,6136.9331409,126672349508.78004
2020-11-22 09:00:00,20348000.0,20595000.0,19525000.0,20307000.0,7886.90108585,158315547609.63712
2020-11-23 09:00:00,20307000.0,20528000.0,19901000.0,20100000.0,5709.9596315,115543451726.93422
2020-11-24 09:00:00,20100000.0,21390000.0,19937000.0,20957000.0,15373.88018285,319379426930.73944
2020-11-25 09:00:00,20957000.0,21459000.0,20600000.0,20840000.0,8276.71453936,173491019382.23004
2020-11-26 09:00:00,20840000.0,20989000.0,18569000.0,19225000.0,13803.48683498,269354592366.972
2020-11-27 09:00:00,19226000.0,19654000.0,18500000.0,19129000.0,7568.74614729,143555633279.7904
2020-11-28 09:00:00,19129000.0,19556000.0,18858000.0,19484000.0,5060.39091148,97143751648.02975
2020-11-29 09:00:00,19486000.0,20110000.0,19196000.0,19991000.0,4169.39684223,82428018284.31364
2020-11-30 09:00:00,19990000.0,21368000.0,19971000.0,21315000.0,9685.83045213,200258275155.60483
2020-12-01 09:00:00,21313000.0,21651000.0,20202000.0,20867000.0,9671.68687865,203657880369.76447
2020-12-02 09:00:00,20867000.0,21315000.0,20346000.0,21097000.0,6264.7470004,130282596642.99802
2020-12-03 09:00:00,21091000.0,21310000.0,20797000.0,21179000.0,4414.07642834,92940270747.30804
2020-12-04 09:00:00,21183000.0,21266000.0,20428000.0,20569000.0,4243.74247899,88420392541.16098
2020-12-05 09:00:00,20569000.0,20956000.0,20390000.0,20781000.0,2247.52046083,46545830824.89997
2020-12-06 09:00:00,20778000.0,20999000.0,20574000.0,20976000.0,2247.74868124,46777620055.97697
2020-12-07 09:00:00,20976000.0,21053000.0,20666000.0,20834000.0,3241.98487955,67740825735.42393
2020-12-08 09:00:00,20834000.0,20931000.0,19942000.0,20010000.0,4532.53738937,93026290555.83319
2020-12-09 09:00:00,20025000.0,20345000.0,19216000.0,20267000.0,5827.20490273,115582281169.10057
2020-12-10 09:00:00,20252000.0,20275000.0,19647000.0,19950000.0,3151.82648997,62967828692.92066
2020-12-11 09:00:00,19950000.0,19996000.0,19404000.0,19658000.0,4508.12989508,88716810984.45741
2020-12-12 09:00:00,19658000.0,20650000.0,19654000.0,20585000.0,3773.48824847,76030600791.45126
2020-12-13 09:00:00,20585000.0,21075000.0,20459000.0,20793000.0,4108.95528161,85593423379.19643
2020-12-14 09:00:00,20786000.0,21000000.0,20610000.0,20939000.0,3105.38941519,64751393567.55739
2020-12-15 09:00:00,20927000.0,21267000.0,20805000.0,21103000.0,3886.60330202,81781907198.0657
2020-12-16 09:00:00,21103000.0,23033000.0,20900000.0,22888000.0,10828.41456524,237852578745.6528
2020-12-17 09:00:00,22881000.0,25768000.0,22473000.0,24743000.0,18025.94451036,440082127172.3546
2020-12-18 09:00:00,24737000.0,25247000.0,24360000.0,25151000.0,6288.93892328,156580705559.25696
2020-12-19 09:00:00,25151000.0,26410000.0,24947000.0,26169000.0,7210.72919997,184847935435.66138
2020-12-20 09:00:00,26169000.0,26562000.0,25422000.0,25880000.0,6316.48585428,163658128225.0485
2020-12-21 09:00:00,25890000.0,26588000.0,24600000.0,25387000.0,13640.52345922,350219024281.6897
2020-12-22 09:00:00,25387000.0,26828000.0,24925000.0,26776000.0,7994.07358308,206133222375.10733
2020-12-23 09:00:00,26776000.0,27070000.0,25600000.0,26380000.0,12398.44760587,328304569556.6462
2020-12-24 09:00:00,26380000.0,26608000.0,25774000.0,26503000.0,6661.23736488,174570316756.61267
2020-12-25 09:00:00,26503000.0,27271000.0,26171000.0,27122000.0,7979.82741205,213500002583.28278
2020-12-26 09:00:00,27122000.0,29524000.0,26983000.0,29378000.0,9647.7742254,271145727803.063
2020-12-27 09:00:00,29378000.0,31800000.0,28802000.0,29319000.0,19899.62591421,601524151729.3121
2020-12-28 09:00:00,29347000.0,30587000.0,29167000.0,30249000.0,8175.15992343,245505778004.4002
2020-12-29 09:00:00,30219000.0,30520000.0,29028000.0,30498000.0,7302.22061609,218091132502.8258
2020-12-30 09:00:00,30498000.0,31999000.0,30333000.0,31891000.0,10282.82280481,320940853563.8111
2020-12-31 09:00:00,31923000.0,32386000.0,31300000.0,32042000.0,8041.24807411,256765288247.4506
2021-01-01 09:00:00,32037000.0,32599000.0,31800000.0,32296000.0,5752.49421559,185613910085.62503
2021-01-02 09:00:00,32295000.0,36600000.0,31920000.0,35700000.0,17451.16767774,602335536311.2162
2021-01-03 09:00:00,35700000.0,39453000.0,35500000.0,37537000.0,25381.50662267,958875074120.6221
2021-01-04 09:00:00,37537000.0,38476000.0,33000000.0,36460000.0,23598.19458956,847277026758.2367
2021-01-05 09:00:00,36478000.0,38590000.0,34357000.0,38093000.0,13461.98168136,491554005818.2553
2021-01-06 09:00:00,38107000.0,41000000.0,37380000.0,40762000.0,15168.98069733,591564311252.9448
2021-01-07 09:00:00,40764000.0,44990000.0,40250000.0,44698000.0,17201.05518572,733603313977.1866
2021-01-08 09:00:00,44698000.0,48550000.0,42271000.0,47215000.0,21891.12558504,1006426839026.3547
2021-01-09 09:00:00,47201000.0,47650000.0,45171000.0,45718000.0,13453.12656524,625675347724.774
2021-01-10 09:00:00,45716000.0,47000000.0,39500000.0,43404000.0,23031.00699245,1017005173324.4323
2021-01-11 09:00:00,43400000.0,43570000.0,35010000.0,40094000.0,50543.88221565,1951978237852.5813
2021-01-12 09:00:00,40094000.0,40888000.0,36654000.0,38577000.0,22472.57575829,877051814766.2422
2021-01-13 09:00:00,38496000.0,41900000.0,37001000.0,41380000.0,15632.80207437,609115848779.7548
2021-01-14 09:00:00,41380000.0,43998000.0,40510000.0,42735000.0,15952.88892706,675452929053.0894
2021-01-15 09:00:00,42787000.0,43199000.0,38690000.0,40952000.0,16278.02915655,665644973950.4895
2021-01-16 09:00:00,40951000.0,41800000.0,39689000.0,40086000.0,10393.3501519,423473040868.5699
2021-01-17 09:00:00,40070000.0,40722000.0,38102000.0,39536000.0,9785.46995151,385287094530.9616
2021-01-18 09:00:00,39536000.0,40999000.0,38699000.0,40008000.0,8374.53524546,334192601195.97144
2021-01-19 09:00:00,40008000.0,41251000.0,39580000.0,39586000.0,9913.18947901,399356017928.5196
2021-01-20 09:00:00,39580000.0,39998000.0,37579000.0,39253000.0,10290.52813623,399570977196.11475
2021-01-21 09:00:00,39253000.0,39329000.0,33867000.0,34519000.0,18816.54602062,684409148890.5065
2021-01-22 09:00:00,34525000.0,37342000.0,31662000.0,36345000.0,21883.00423781,755562232830.8065
2021-01-23 09:00:00,36345000.0,37018000.0,34678000.0,35493000.0,8710.02859837,312190277118.3817
2021-01-24 09:00:00,35494000.0,36283000.0,34250000.0,35539000.0,7625.87646731,270814389370.82205
2021-01-25 09:00:00,35539000.0,38388000.0,35394000.0,36054000.0,14596.35519525,539926824512.526
2021-01-26 09:00:00,36054000.0,36594000.0,34808000.0,35923000.0,8489.58317688,302640635687.53064
2021-01-27 09:00:00,35929000.0,36026000.0,33235000.0,34300000.0,9356.77161322,323528868123.36993
2021-01-28 09:00:00,34293000.0,37186000.0,33726000.0,36624000.0,9452.48550052,334665939752.40533
2021-01-29 09:00:00,36631000.0,41072000.0,35514000.0,37523000.0,33565.7380079,1297496987642.681
2021-01-30 09:00:00,37523000.0,38201000.0,36230000.0,37087000.0,12481.60663701,465140379089.1798
2021-01-31 09:00:00,37039000.0,37633000.0,35800000.0,36408000.0,11396.06446876,419202590707.55334
2021-02-01 09:00:00,36408000.0,38161000.0,35907000.0,36618000.0,13783.13636302,508488087014.651
2021-02-02 09:00:00,36618000.0,38300000.0,36323000.0,37910000.0,9650.44220482,360085633669.60834
2021-02-03 09:00:00,37910000.0,39371000.0,37909000.0,39357000.0,9775.50002187,378423679093.87573
2021-02-04 09:00:00,39345000.0,41426000.0,38059000.0,39810000.0,14561.2346281,580257360614.1648
2021-02-05 09:00:00,39809000.0,40770000.0,39492000.0,40424000.0,7783.09793814,311721581917.0025
2021-02-06 09:00:00,40421000.0,43622000.0,40345000.0,41725000.0,12812.7646179,541579707561.50244
2021-02-07 09:00:00,41725000.0,42630000.0,40501000.0,41921000.0,8432.55974197,351594756731.219
2021-02-08 09:00:00,41921000.0,49583000.0,41562000.0,49070000.0,25472.07405559,1160414889225.8345
2021-02-09 09:00:00,49070000.0,51200000.0,48350000.0,48779000.0,18283.67538104,906198790950.7434
2021-02-10 09:00:00,48788000.0,49781000.0,47350000.0,48550000.0,11588.86499783,564587285610.8918
2021-02-11 09:00:00,48550000.0,51800000.0,48074000.0,51370000.0,12305.59267737,614626823383.8568
2021-02-12 09:00:00,51370000.0,52280000.0,50237000.0,50836000.0,8911.89830701,457759881372.2499
2021-02-13 09:00:00,50836000.0,51757000.0,50258000.0,50626000.0,7055.12345471,359313371476.3223
2021-02-14 09:00:00,50625000.0,53380000.0,50403000.0,52706000.0,11364.08401913,593644181692.7349
2021-02-15 09:00:00,52711000.0,53086000.0,50313000.0,52532000.0,8789.30693061,455752925782.6853
2021-02-16 09:00:00,52518000.0,55500000.0,51773000.0,54760000.0,11825.60488227,638508875693.8157
2021-02-17 09:00:00,54760000.0,58120000.0,54431000.0,57484000.0,11559.3277709,651597859684.1505
2021-02-18 09:00:00,57458000.0,58426000.0,56405000.0,57852000.0,9072.44556036,522910045578.9327
2021-02-19 09:00:00,57852000.0,63680000.0,57038000.0,63649000.0,12496.05048257,746564403828.4509
2021-02-20 09:00:00,63649000.0,65985000.0,62399000.0,64251000.0,16375.10552345,1054772072828.4443
2021-02-21 09:00:00,64260000.0,65846000.0,63381000.0,65417000.0,9000.18989441,583973649413.1989
2021-02-22 09:00:00,65416000.0,65488000.0,56562000.0,61744000.0,28418.51482526,1741571505118.145
2021-02-23 09:00:00,61688000.0,61760000.0,50900000.0,55105000.0,36042.688609,1977283341843.513
2021-02-24 09:00:00,55106000.0,58150000.0,52875000.0,56500000.0,19006.41112523,1068405693746.8777
2021-02-25 09:00:00,56501000.0,58890000.0,53800000.0,54168000.0,15921.35058705,904483830986.3303
2021-02-26 09:00:00,54128000.0,55226000.0,51809000.0,53804000.0,13302.34742969,714875044792.8104
2021-02-27 09:00:00,53835000.0,55579000.0,52780000.0,53494000.0,7402.62844823,401670920788.6792
2021-02-28 09:00:00,53494000.0,54098000.0,49755000.0,51798000.0,11516.37106968,595382249258.3556
2021-03-01 09:00:00,51798000.0,56992000.0,51560000.0,56426000.0,11303.17672368,611898215824.3323
2021-03-02 09:00:00,56438000.0,57405000.0,54657000.0,56000000.0,9266.67821695,517511439687.4315
2021-03-03 09:00:00,56007000.0,59640000.0,55662000.0,57933000.0,10755.94573144,620693341600.4905
2021-03-04 09:00:00,57933000.0,59159000.0,55600000.0,56426000.0,11821.02543883,675976078490.5261
2021-03-05 09:00:00,56410000.0,57225000.0,54500000.0,56654000.0,8355.34731928,463636943894.4126
2021-03-06 09:00:00,56636000.0,57000000.0,54754000.0,56225000.0,5608.84388997,313545205261.5337
2021-03-07 09:00:00,56225000.0,58722000.0,56218000.0,58155000.0,7153.68431896,412272713396.774
2021-03-08 09:00:00,58155000.0,59837000.0,57187000.0,59821000.0,8033.07628692,468702946505.3823
2021-03-09 09:00:00,59800000.0,62950000.0,59335000.0,62949000.0,9564.08801541,588956891401.3066
2021-03-10 09:00:00,62950000.0,65500000.0,60870000.0,64350000.0,11752.57016641,745407761445.2146
2021-03-11 09:00:00,64354000.0,66800000.0,62946000.0,66208000.0,10294.73535161,666448962170.9562
2021-03-12 09:00:00,66208000.0,66999000.0,64700000.0,66607000.0,9023.99736202,594110807446.5757
2021-03-13 09:00:00,66607000.0,71000000.0,65416000.0,70615000.0,11160.19223624,761624654743.5193
2021-03-14 09:00:00,70615000.0,71450000.0,68570000.0,68587000.0,7208.31928034,504592749495.43555
2021-03-15 09:00:00,68587000.0,70155000.0,63500000.0,64487000.0,18721.85915843,1237649402414.0312
2021-03-16 09:00:00,64490000.0,66020000.0,62000000.0,66020000.0,13522.70847173,864983298369.8112
2021-03-17 09:00:00,66020000.0,68800000.0,62500000.0,68494000.0,14319.54868263,931960698119.3486
2021-03-18 09:00:00,68494000.0,70204000.0,66846000.0,67139000.0,11432.45517689,779786032387.5685
2021-03-19 09:00:00,67139000.0,69746000.0,65567000.0,67974000.0,8681.15691734,590367276903.1332
2021-03-20 09:00:00,67911000.0,69980000.0,67700000.0,67849000.0,8023.60837109,552550569261.2806
2021-03-21 09:00:00,67849000.0,68715000.0,65451000.0,67120000.0,8097.42887785,542453816471.21484
2021-03-22 09:00:00,67064000.0,68380000.0,64345000.0,64725000.0,8366.41055146,559156264269.7894
2021-03-23 09:00:00,64728000.0,66279000.0,63000000.0,65458000.0,9961.04059631,646925848575.1053
2021-03-24 09:00:00,65458000.0,68370000.0,64500000.0,64777000.0,11366.40452396,755344723795.7848
2021-03-25 09:00:00,64777000.0,65305000.0,62500000.0,63328000.0,10463.20781465,668715530158.5852
2021-03-26 09:00:00,63334000.0,65723000.0,63265000.0,65675000.0,8081.6698713,521090274255.3525
2021-03-27 09:00:00,65660000.0,67304000.0,65111000.0,66591000.0,5963.9246348,393443346043.08246
2021-03-28 09:00:00,66648000.0,67500000.0,66238000.0,67133000.0,4650.42503973,311223027254.6034
2021-03-29 09:00:00,67133000.0,69435000.0,66500000.0,68701000.0,8060.78382844,549369958802.0707
2021-03-30 09:00:00,68693000.0,70979000.0,68500000.0,70800000.0,7699.70796273,538935952810.0456
2021-03-31 09:00:00,70800000.0,72000000.0,69194000.0,71513000.0,9836.87568844,696661673610.4032
2021-04-01 09:00:00,71480000.0,73325000.0,71032000.0,72749000.0,9170.38195837,663054408604.5876
2021-04-02 09:00:00,72749000.0,74400000.0,71841000.0,73855000.0,8712.29408175,641390934277.5391
2021-04-03 09:00:00,73934000.0,75703000.0,71783000.0,72187000.0,9274.31810933,689271747852.9937
2021-04-04 09:00:00,72187000.0,74240000.0,71570000.0,73974000.0,6583.4382034,482192015991.4917
2021-04-05 09:00:00,73908000.0,78780000.0,73890000.0,78770000.0,13425.68167755,1019472232792.4523
2021-04-06 09:00:00,78770000.0,79500000.0,76210000.0,77944000.0,10824.67205698,844274109848.908
2021-04-07 09:00:00,77919000.0,79422000.0,68500000.0,72850000.0,19134.03657346,1416206002268.3818
2021-04-08 09:00:00,72850000.0,75325000.0,70432000.0,75316000.0,9100.78753643,664197613928.4746
2021-04-09 09:00:00,75315000.0,76435000.0,73369000.0,76066000.0,9146.07028224,687900622194.2562
2021-04-10 09:00:00,76072000.0,79600000.0,75643000.0,78530000.0,9218.16259215,721810506821.3654
2021-04-11 09:00:00,78531000.0,79389000.0,76500000.0,78743000.0,7344.85268323,574860463432.6642
2021-04-12 09:00:00,78835000.0,79006000.0,77500000.0,78178000.0,6311.01494764,494437344223.4092
2021-04-13 09:00:00,78178000.0,81987000.0,78000000.0,80736000.0,11167.52534366,895503939739.843
2021-04-14 09:00:00,80736000.0,81994000.0,79500000.0,80401000.0,10657.91834295,863552647119.8365
2021-04-15 09:00:00,80401000.0,80798000.0,78576000.0,79670000.0,7368.13856612,585331712495.1007
2021-04-16 09:00:00,79670000.0,81200000.0,77530000.0,79351000.0,10053.30952396,797161458861.951
2021-04-17 09:00:00,79322000.0,79950000.0,77500000.0,77905000.0,6395.62622905,502212590371.08325
2021-04-18 09:00:00,77909000.0,78365000.0,70924000.0,75643000.0,16046.04765964,1194869098599.075
2021-04-19 09:00:00,75692000.0,76829000.0,70780000.0,71456000.0,11873.87050755,872092007452.5381
2021-04-20 09:00:00,71448000.0,72077000.0,66001000.0,70402000.0,15744.7357605,1086831484455.7179
2021-04-21 09:00:00,70400000.0,71490000.0,67601000.0,68198000.0,8571.53433839,594846550503.2
2021-04-22 09:00:00,68193000.0,69000000.0,59111000.0,59962000.0,20651.79027598,1334058457400.9302
2021-04-23 09:00:00,59950000.0,61900000.0,54964000.0,60900000.0,21936.27526798,1272480601805.9895
2021-04-24 09:00:00,60901000.0,62519000.0,58500000.0,60853000.0,9176.44810744,550328937893.7369
2021-04-25 09:00:00,60853000.0,62050000.0,57327000.0,59859000.0,8791.28712271,530491425858.0994
2021-04-26 09:00:00,59850000.0,64300000.0,59075000.0,64198000.0,10198.12024134,639281238505.2628
2021-04-27 09:00:00,64198000.0,65000000.0,63375000.0,64767000.0,8003.35594526,514080643019.6775
2021-04-28 09:00:00,64759000.0,65899000.0,62608000.0,64100000.0,8304.37721754,531483203577.5495
2021-04-29 09:00:00,64060000.0,64900000.0,63000000.0,63814000.0,9270.47473273,591412571144.7734
2021-04-30 09:00:00,63816000.0,68540000.0,63500000.0,67939000.0,18322.27981277,1197640896050.342
2021-05-01 09:00:00,67956000.0,69386000.0,67557000.0,69049000.0,9860.60752162,678036571369.5531
2021-05-02 09:00:00,69041000.0,69297000.0,66803000.0,68452000.0,7970.05903976,543840573039.7181
2021-05-03 09:00:00,68452000.0,70999000.0,68281000.0,69996000.0,9426.09845223,658850341681.7671
2021-05-04 09:00:00,69996000.0,70490000.0,66500000.0,66829000.0,12631.58490146,868911421472.1168
2021-05-05 09:00:00,66828000.0,70007000.0,66500000.0,68679000.0,11726.63421242,804024775720.5424
2021-05-06 09:00:00,68700000.0,70853000.0,67899000.0,68767000.0,13078.41996809,904068945799.3906
2021-05-07 09:00:00,68760000.0,69729000.0,66900000.0,68563000.0,12047.6815528,819830312855.9326
2021-05-08 09:00:00,68564000.0,71879000.0,67610000.0,71740000.0,12558.43062882,881406410488.2178
2021-05-09 09:00:00,71728000.0,73129000.0,70147000.0,71505000.0,11786.59649177,843543861353.1299
2021-05-10 09:00:00,71506000.0,72460000.0,70175000.0,70902000.0,13096.22237631,937362461910.9203
2021-05-11 09:00:00,70902000.0,71750000.0,67597000.0,69741000.0,11913.28320208,827117926967.4032
2021-05-12 09:00:00,69714000.0,70499000.0,60854000.0,62257000.0,22173.21879,1505870407356.399
2021-05-13 09:00:00,62380000.0,65472000.0,60200000.0,63069000.0,22547.5357541,1422951884853.1233
2021-05-14 09:00:00,63080000.0,63656000.0,61001000.0,61797000.0,13221.57503799,821862466125.797
2021-05-15 09:00:00,61795000.0,62118000.0,57900000.0,58807000.0,17508.20716437,1059012110721.2826
2021-05-16 09:00:00,58814000.0,60721000.0,55500000.0,57649000.0,16552.64330014,967020553997.1249
2021-05-17 09:00:00,57655000.0,58000000.0,51381000.0,54057000.0,27456.42210679,1490995015415.6033
2021-05-18 09:00:00,54057000.0,56366000.0,53001000.0,53419000.0,15075.12157223,824428496120.5553
2021-05-19 09:00:00,53404000.0,53992000.0,42595000.0,50379000.0,40112.86111135,1999142167043.8147
2021-05-20 09:00:00,50477000.0,53070000.0,48328000.0,51320000.0,21350.8166367,1086531552690.5686
2021-05-21 09:00:00,51318000.0,52726000.0,45701000.0,49112000.0,22198.61379209,1096343126565.4725
2021-05-22 09:00:00,49080000.0,49260000.0,43957000.0,47460000.0,16597.85063127,776466334420.9885
2021-05-23 09:00:00,47444000.0,48592000.0,39331000.0,42585000.0,27384.56412739,1183273079066.374
2021-05-24 09:00:00,42585000.0,47452000.0,41253000.0,46963000.0,22353.30949228,997947887508.5018
2021-05-25 09:00:00,46932000.0,49113000.0,45197000.0,47047000.0,15379.79580919,719724304376.1548
2021-05-26 09:00:00,47067000.0,49081000.0,46265000.0,47325000.0,11383.21756444,542898496923.52856
2021-05-27 09:00:00,47324000.0,48120000.0,45423000.0,46563000.0,10358.12372991,485327245758.55164
2021-05-28 09:00:00,46568000.0,47069000.0,43009000.0,43723000.0,14678.13363228,653789886693.8527
2021-05-29 09:00:00,43723000.0,44812000.0,41405000.0,42688000.0,10628.41267526,455335455609.8606
2021-05-30 09:00:00,42688000.0,43827000.0,40580000.0,43177000.0,9194.80791712,390380846749.335
2021-05-31 09:00:00,43177000.0,44235000.0,41304000.0,43761000.0,10111.06622016,433619356290.74396
2021-06-01 09:00:00,43761000.0,44550000.0,42515000.0,43200000.0,9081.15492851,394830519477.33984
2021-06-02 09:00:00,43207000.0,44341000.0,42550000.0,43732000.0,7405.76064222,321717797672.648
2021-06-03 09:00:00,43744000.0,45692000.0,43439000.0,45431000.0,8776.66953211,393358009291.04706
2021-06-04 09:00:00,45429000.0,45500000.0,42210000.0,42938000.0,9703.70957015,423885446287.57837
2021-06-05 09:00:00,42938000.0,43766000.0,41468000.0,41943000.0,6891.39874143,293546032639.7488
2021-06-06 09:00:00,41942000.0,42455000.0,41445000.0,41780000.0,4781.23144314,200516487181.42853
2021-06-07 09:00:00,41780000.0,42458000.0,38916000.0,39064000.0,8580.17805342,351349641054.2827
2021-06-08 09:00:00,39065000.0,39642000.0,36364000.0,38494000.0,12529.11360518,476604724981.6908
2021-06-09 09:00:00,38495000.0,43610000.0,37200000.0,43278000.0,17850.79538956,724591188555.2808
2021-06-10 09:00:00,43282000.0,44620000.0,41810000.0,42836000.0,16175.75407976,698112613625.4917
2021-06-11 09:00:00,42836000.0,43805000.0,42060000.0,43698000.0,16348.37533943,703961074389.3296
2021-06-12 09:00:00,43698000.0,44088000.0,40640000.0,41430000.0,15751.47878703,659035780813.1942
2021-06-13 09:00:00,41430000.0,45116000.0,40543000.0,44746000.0,12435.4854908,531122435073.5828
2021-06-14 09:00:00,44746000.0,47401000.0,44400000.0,46501000.0,18922.82336997,868311615872.6334
2021-06-15 09:00:00,46511000.0,47500000.0,45483000.0,46389000.0,10580.65997587,489978887151.35284
2021-06-16 09:00:00,46409000.0,46543000.0,44887000.0,45295000.0,10781.5432318,492179952272.6588
2021-06-17 09:00:00,45306000.0,46048000.0,44390000.0,44854000.0,10707.19704008,485762760742.5949
2021-06-18 09:00:00,44823000.0,44945000.0,42191000.0,42599000.0,15162.18446155,663473218674.1248
2021-06-19 09:00:00,42588000.0,43000000.0,41364000.0,42088000.0,9403.80354635,396532888799.2468
2021-06-20 09:00:00,42088000.0,42443000.0,39785000.0,41842000.0,13184.49590156,542727572730.78064
2021-06-21 09:00:00,41843000.0,42048000.0,36802000.0,37393000.0,23102.5613381,900832746987.2739
2021-06-22 09:00:00,37397000.0,39068000.0,33900000.0,37784000.0,29986.86958363,1100785783862.6877
2021-06-23 09:00:00,37784000.0,40099000.0,36726000.0,39077000.0,17696.3951684,690395108283.8069
2021-06-24 09:00:00,39077000.0,40705000.0,37770000.0,40098000.0,11788.00643035,460328834123.54083
2021-06-25 09:00:00,40100000.0,40956000.0,36901000.0,37152000.0,14567.87636139,565595835274.6146
2021-06-26 09:00:00,37152000.0,37999000.0,35522000.0,37629000.0,13300.23645376,487595538776.1035
2021-06-27 09:00:00,37617000.0,40000000.0,37253000.0,39985000.0,12422.20134974,477496599478.453
2021-06-28 09:00:00,39985000.0,40570000.0,39188000.0,39959000.0,12722.91550336,507423356322.17267
2021-06-29 09:00:00,39971000.0,42180000.0,39810000.0,41528000.0,13195.49436844,540488614539.7225
2021-06-30 09:00:00,41528000.0,41833000.0,40010000.0,40674000.0,9199.17468909,374038855427.6796
2021-07-01 09:00:00,40663000.0,40683000.0,38668000.0,39320000.0,9130.32512048,360194809356.23663
2021-07-02 09:00:00,39320000.0,39834000.0,38288000.0,39442000.0,6427.36915506,250379065205.81564
2021-07-03 09:00:00,39440000.0,40578000.0,38951000.0,40299000.0,4933.22955397,196728282036.98206
2021-07-04 09:00:00,40299000.0,41643000.0,40088000.0,40948000.0,4981.52353166,204137532775.4473
2021-07-05 09:00:00,40915000.0,40948000.0,38957000.0,39506000.0,8680.72316484,345601003050.7225
2021-07-06 09:00:00,39509000.0,40650000.0,39340000.0,39814000.0,6292.90393266,250893123484.22366
2021-07-07 09:00:00,39814000.0,40727000.0,39637000.0,39743000.0,5761.28681997,231746067905.13364
2021-07-08 09:00:00,39743000.0,39953000.0,38200000.0,39082000.0,8178.52667179,318404853880.8934
2021-07-09 09:00:00,39069000.0,40070000.0,38123000.0,39820000.0,6163.10273495,240777153564.4225
2021-07-10 09:00:00,39801000.0,40302000.0,39124000.0,39626000.0,4161.71919637,165740052954.24866
2021-07-11 09:00:00,39633000.0,40580000.0,39250000.0,40194000.0,3892.50336161,155055694807.25595
2021-07-12 09:00:00,40194000.0,40570000.0,38850000.0,39193000.0,5361.07767221,213052051083.5768
2021-07-13 09:00:00,39177000.0,39363000.0,38297000.0,38713000.0,4602.44957727,178535501090.68716
2021-07-14 09:00:00,38741000.0,38975000.0,37600000.0,38592000.0,6508.67678169,249612588010.58618
2021-07-15 09:00:00,38590000.0,39045000.0,37088000.0,37606000.0,7363.60708143,280398778393.4886
2021-07-16 09:00:00,37606000.0,38053000.0,36750000.0,37199000.0,5695.87391285,213113548297.35504
2021-07-17 09:00:00,37199000.0,37800000.0,36824000.0,37205000.0,3533.68515996,131612696296.66388
2021-07-18 09:00:00,37205000.0,38172000.0,37000000.0,37663000.0,3688.50914112,138465617249.63922
2021-07-19 09:00:00,37663000.0,37704000.0,36500000.0,36799000.0,4208.48795672,155861957828.68225
2021-07-20 09:00:00,36799000.0,36937000.0,34820000.0,35305000.0,6998.98495576,248406330735.08133
2021-07-21 09:00:00,35339000.0,38374000.0,35000000.0,38013000.0,6880.93687268,253633310553.2038
2021-07-22 09:00:00,38012000.0,38470000.0,37428000.0,37925000.0,4209.60291091,159613929614.47318
2021-07-23 09:00:00,37922000.0,39113000.0,37790000.0,39108000.0,4624.03229131,176644365075.1862
2021-07-24 09:00:00,39113000.0,40240000.0,38919000.0,40112000.0,4969.11794139,196353164978.12585
2021-07-25 09:00:00,40076000.0,41110000.0,39547000.0,41070000.0,4748.42546082,190643539619.3983
2021-07-26 09:00:00,41054000.0,46800000.0,40864000.0,43001000.0,18124.95452103,803409465489.3989
2021-07-27 09:00:00,43021000.0,45506000.0,42050000.0,45409000.0,10710.88094497,467385408621.45624
2021-07-28 09:00:00,45447000.0,47494000.0,45000000.0,46350000.0,11869.72271998,547717509631.0625
2021-07-29 09:00:00,46350000.0,46996000.0,45529000.0,45907000.0,5904.86424006,272164212254.33475
2021-07-30 09:00:00,45936000.0,48661000.0,44450000.0,48555000.0,9277.56945527,426284796838.65125
2021-07-31 09:00:00,48570000.0,48768000.0,47650000.0,47979000.0,5158.44167442,248552503038.62796
2021-08-01 09:00:00,47979000.0,49471000.0,46003000.0,46274000.0,6806.08556397,325989173859.44476
2021-08-02 09:00:00,46263000.0,46788000.0,45150000.0,45451000.0,7121.32542712,327175849671.0313
2021-08-03 09:00:00,45451000.0,46150000.0,44440000.0,44969000.0,7445.82457713,335516584182.57196
2021-08-04 09:00:00,44950000.0,46038000.0,44000000.0,45718000.0,6481.94468452,291363934837.11224
2021-08-05 09:00:00,45718000.0,47650000.0,43841000.0,47139000.0,10399.67917867,473390293840.28876
2021-08-06 09:00:00,47099000.0,49898000.0,46250000.0,49349000.0,9456.96848632,453840993289.6811
2021-08-07 09:00:00,49342000.0,51300000.0,49000000.0,50956000.0,10988.79383695,550505738787.5818
2021-08-08 09:00:00,50956000.0,51731000.0,50110000.0,50799000.0,8950.68143253,456213636723.8092
2021-08-09 09:00:00,50790000.0,53077000.0,49585000.0,52846000.0,10539.78165913,545486912751.485
2021-08-10 09:00:00,52862000.0,53491000.0,51800000.0,52339000.0,9910.23810999,520878470417.8687
2021-08-11 09:00:00,52335000.0,53500000.0,52219000.0,52590000.0,10943.96845795,579202786491.2515
2021-08-12 09:00:00,52585000.0,53395000.0,51391000.0,52079000.0,13202.59267402,691538686333.4755
2021-08-13 09:00:00,52078000.0,55313000.0,51767000.0,55146000.0,11542.23600174,619038294155.9808
2021-08-14 09:00:00,55145000.0,55742000.0,53573000.0,54812000.0,10406.46231641,570678967849.8423
2021-08-15 09:00:00,54817000.0,55166000.0,53349000.0,54636000.0,8686.54728059,470845007276.4989
2021-08-16 09:00:00,54638000.0,55704000.0,53700000.0,53863000.0,8599.29243939,470451841173.91284
2021-08-17 09:00:00,53863000.0,54649000.0,52500000.0,52660000.0,9398.25919668,505480406480.1733
2021-08-18 09:00:00,52674000.0,53874000.0,51938000.0,52812000.0,14256.33672927,757953791475.3573
2021-08-19 09:00:00,52815000.0,55050000.0,52002000.0,55017000.0,13997.11722659,744124182994.7227
2021-08-20 09:00:00,55030000.0,57910000.0,54824000.0,57683000.0,12560.50365601,702429945452.2936
2021-08-21 09:00:00,57690000.0,58280000.0,56557000.0,57553000.0,9176.90265489,526538062801.1975
2021-08-22 09:00:00,57576000.0,58000000.0,56611000.0,57681000.0,7327.1797741,420622994566.5057
2021-08-23 09:00:00,57714000.0,58726000.0,57374000.0,57627000.0,10945.24369893,637195815103.7274
2021-08-24 09:00:00,57627000.0,57905000.0,55800000.0,56134000.0,16813.02809495,960959159079.5452
2021-08-25 09:00:00,56168000.0,57325000.0,55100000.0,57100000.0,11188.10656994,628614221129.9324
2021-08-26 09:00:00,57088000.0,57497000.0,54504000.0,55225000.0,9477.10372476,527838423776.14746
2021-08-27 09:00:00,55255000.0,57600000.0,54616000.0,57401000.0,8324.33196789,466075659839.3081
2021-08-28 09:00:00,57400000.0,57885000.0,56704000.0,57428000.0,5552.26274864,318695080890.53296
2021-08-29 09:00:00,57428000.0,58000000.0,56500000.0,57272000.0,11623.61867326,664765748254.3783
2021-08-30 09:00:00,57272000.0,57479000.0,55555000.0,55800000.0,14613.33339131,827526275068.3098
2021-08-31 09:00:00,55800000.0,56333000.0,55022000.0,55230000.0,11075.54698274,616516258003.1985
2021-09-01 09:00:00,55228000.0,56900000.0,54538000.0,56455000.0,9099.48005828,505247782246.04785
2021-09-02 09:00:00,56445000.0,58369000.0,56232000.0,57155000.0,8965.19366094,515970812918.00903
2021-09-03 09:00:00,57155000.0,59110000.0,56500000.0,57783000.0,11527.48633542,667571204414.9666
2021-09-04 09:00:00,57717000.0,58500000.0,57184000.0,57827000.0,7242.35579057,419279027038.78033
2021-09-05 09:00:00,57836000.0,59650000.0,57217000.0,59212000.0,7573.37229192,439317277734.582
2021-09-06 09:00:00,59212000.0,61056000.0,58810000.0,60839000.0,7151.92707503,426546418425.84424
2021-09-07 09:00:00,60839000.0,61113000.0,55000000.0,56672000.0,19856.73841443,1160638810012.4539
2021-09-08 09:00:00,56668000.0,57250000.0,53154000.0,55580000.0,12683.32987229,701590969807.58
2021-09-09 09:00:00,55576000.0,56567000.0,54701000.0,55900000.0,7540.98052835,418872318710.8933
2021-09-10 09:00:00,55879000.0,56850000.0,54701000.0,55031000.0,10524.62607334,587118672586.7328
2021-09-11 09:00:00,55031000.0,55400000.0,54316000.0,54800000.0,4246.7897401,233572715191.50043
2021-09-12 09:00:00,54800000.0,55580000.0,54316000.0,55078000.0,4456.24751341,244803798485.11185
2021-09-13 09:00:00,55078000.0,56663000.0,53600000.0,54274000.0,7678.99872171,419768907821.3112
2021-09-14 09:00:00,54340000.0,56857000.0,54120000.0,56564000.0,5994.88062518,333704711921.34143
2021-09-15 09:00:00,56564000.0,57600000.0,56011000.0,57207000.0,5204.48354612,295924748212.92676
2021-09-16 09:00:00,57178000.0,57500000.0,56446000.0,57277000.0,5358.40400108,305839184427.866
2021-09-17 09:00:00,57277000.0,57836000.0,56942000.0,57642000.0,6908.81118369,397042475608.0333
2021-09-18 09:00:00,57642000.0,58980000.0,57574000.0,58597000.0,4935.40608571,288291394889.2499
2021-09-19 09:00:00,58597000.0,58805000.0,57466000.0,57976000.0,4821.3843762,279811883170.7576
2021-09-20 09:00:00,58030000.0,58142000.0,53496000.0,53801000.0,10951.54124671,608008065738.9528
2021-09-21 09:00:00,53801000.0,54400000.0,50211000.0,50699000.0,11491.19131035,602640099332.8099
2021-09-22 09:00:00,50699000.0,54153000.0,50059000.0,53856000.0,8922.15765938,467187185035.5327
2021-09-23 09:00:00,53853000.0,54656000.0,52571000.0,54410000.0,7737.69933454,415384854012.3932
2021-09-24 09:00:00,54405000.0,54534000.0,50900000.0,52176000.0,11468.26484925,602952735214.0181
2021-09-25 09:00:00,52176000.0,52452000.0,51056000.0,52326000.0,4371.92985367,226758630503.67758
2021-09-26 09:00:00,52326000.0,53607000.0,50803000.0,52798000.0,5945.40902076,310948126899.37146
2021-09-27 09:00:00,52798000.0,53800000.0,51747000.0,51834000.0,4963.31808383,262697515793.77594
2021-09-28 09:00:00,51831000.0,52103000.0,50222000.0,50309000.0,6216.15486117,318673200792.9927
2021-09-29 09:00:00,50309000.0,51799000.0,49924000.0,50800000.0,5199.8520123,265067157875.95703
2021-09-30 09:00:00,50800000.0,53673000.0,50731000.0,53523000.0,6716.78034563,353760846438.2255
2021-10-01 09:00:00,53523000.0,58582000.0,53070000.0,58348000.0,9344.90787537,526629015325.6079
2021-10-02 09:00:00,58348000.0,58999000.0,57660000.0,58228000.0,4852.96858036,283012282143.45593
2021-10-03 09:00:00,58238000.0,59390000.0,57250000.0,58567000.0,4489.39578954,262002063227.56482
2021-10-04 09:00:00,58466000.0,60331000.0,57346000.0,60020000.0,6699.98876873,392304690362.0932
2021-10-05 09:00:00,60020000.0,62500000.0,59547000.0,61666000.0,9846.15636431,596248479174.788
2021-10-06 09:00:00,61666000.0,67636000.0,61113000.0,67000000.0,13462.73768824,864584706843.0698
2021-10-07 09:00:00,66998000.0,67290000.0,65265000.0,65500000.0,8828.33453547,584191782622.2512
2021-10-08 09:00:00,65501000.0,68200000.0,65151000.0,65951000.0,8405.272394,559268632990.6614
2021-10-09 09:00:00,65951000.0,67731000.0,65659000.0,67057000.0,5042.25221793,337726926141.7395
2021-10-10 09:00:00,67057000.0,69023000.0,66350000.0,67801000.0,5559.81442292,375920524221.4952
2021-10-11 09:00:00,67801000.0,71600000.0,67547000.0,70921000.0,9404.74824492,657471668000.4491
2021-10-12 09:00:00,70954000.0,71368000.0,67558000.0,69164000.0,8980.82152047,628672206653.5323
2021-10-13 09:00:00,69188000.0,70700000.0,66865000.0,69857000.0,8568.72701657,587847809013.9847
2021-10-14 09:00:00,69857000.0,71470000.0,69400000.0,69783000.0,6362.57109584,447309084626.59393
2021-10-15 09:00:00,69784000.0,76721000.0,69420000.0,75688000.0,15661.24926397,1145452749698.3083
2021-10-16 09:00:00,75688000.0,76370000.0,73950000.0,74806000.0,7825.0005115,589288907263.0604
2021-10-17 09:00:00,74806000.0,76200000.0,74008000.0,75933000.0,5403.94853669,404990697637.63635
2021-10-18 09:00:00,75933000.0,77276000.0,74193000.0,76546000.0,8312.73781879,632688540533.9479
2021-10-19 09:00:00,76541000.0,79285000.0,75925000.0,78776000.0,9018.17095087,696401614018.545
2021-10-20 09:00:00,78776000.0,81750000.0,78001000.0,79917000.0,14472.09742285,1152411111515.1873
2021-10-21 09:00:00,79919000.0,80811000.0,76324000.0,76396000.0,15551.93334613,1225371802278.793
2021-10-22 09:00:00,76396000.0,77640000.0,74123000.0,74364000.0,11856.84444258,903371302135.1926
2021-10-23 09:00:00,74350000.0,75580000.0,73247000.0,74830000.0,7080.04234866,529341477417.07855
2021-10-24 09:00:00,74830000.0,75530000.0,73635000.0,74501000.0,6110.3785988,454814496440.7718
2021-10-25 09:00:00,74501000.0,77024000.0,74210000.0,76200000.0,6856.57775992,521225048265.0583
2021-10-26 09:00:00,76250000.0,76480000.0,73002000.0,73293000.0,8258.18143151,619824450361.118
2021-10-27 09:00:00,73293000.0,74200000.0,70180000.0,71845000.0,14503.8250321,1053620820854.7567
2021-10-28 09:00:00,71833000.0,74707000.0,71028000.0,73122000.0,8654.62147862,630325919861.4268
2021-10-29 09:00:00,73028000.0,75405000.0,72676000.0,74568000.0,7156.5495444,529148496573.07806
2021-10-30 09:00:00,74568000.0,74748000.0,72910000.0,73413000.0,6019.3726361,443974248919.1151
2021-10-31 09:00:00,73428000.0,74502000.0,71551000.0,72391000.0,7515.24771978,547624687479.1433
2021-11-01 09:00:00,72325000.0,73928000.0,71003000.0,72401000.0,6319.81024636,459799779805.7788
2021-11-02 09:00:00,72402000.0,75590000.0,72031000.0,74150000.0,7684.60605039,567138389401.7821
2021-11-03 09:00:00,74106000.0,75141000.0,72500000.0,74600000.0,7931.12310979,586147364013.1627
2021-11-04 09:00:00,74607000.0,74880000.0,73480000.0,73807000.0,5757.70198775,426469535512.6226
2021-11-05 09:00:00,73807000.0,75000000.0,73490000.0,74121000.0,5520.4236536,410709736765.99615
2021-11-06 09:00:00,74092000.0,74649000.0,73800000.0,74575000.0,3742.0767138,277629666879.828
2021-11-07 09:00:00,74576000.0,76700000.0,74481000.0,76536000.0,4447.00986585,335634172962.1655
2021-11-08 09:00:00,76649000.0,81586000.0,76534000.0,81403000.0,9132.13666783,726433660922.1797
2021-11-09 09:00:00,81402000.0,82700000.0,79987000.0,80857000.0,9216.26072135,749642408219.2787
2021-11-10 09:00:00,80813000.0,82520000.0,78510000.0,79660000.0,13173.31625594,1059561087264.0406
2021-11-11 09:00:00,79663000.0,79732000.0,78543000.0,78917000.0,7167.44682984,566786888469.356
2021-11-12 09:00:00,78938000.0,79100000.0,76712000.0,78165000.0,7117.16534788,555556239586.2133
2021-11-13 09:00:00,78165000.0,78770000.0,77120000.0,77867000.0,4350.10453278,338562919987.8282
2021-11-14 09:00:00,77867000.0,79350000.0,77579000.0,79310000.0,3826.41658753,300107299012.1013
2021-11-15 09:00:00,79323000.0,80250000.0,77330000.0,77602000.0,6972.54522621,550661898860.9288
2021-11-16 09:00:00,77600000.0,77602000.0,73325000.0,73897000.0,12978.65608121,972845801082.5905
2021-11-17 09:00:00,73897000.0,74712000.0,72000000.0,73935000.0,9918.31995415,727534439444.1946
2021-11-18 09:00:00,73941000.0,74494000.0,70000000.0,70611000.0,15304.60880992,1116607005545.3738
2021-11-19 09:00:00,70602000.0,72376000.0,69150000.0,71813000.0,9106.09854129,644660277293.9285
2021-11-20 09:00:00,71813000.0,74090000.0,71500000.0,73669000.0,5649.73412587,410541726042.7906
2021-11-21 09:00:00,73669000.0,74200000.0,72695000.0,73047000.0,4787.87666179,350690458560.52295
2021-11-22 09:00:00,73096000.0,73498000.0,70285000.0,70589000.0,7714.84906712,553218859712.912
2021-11-23 09:00:00,70589000.0,72200000.0,69556000.0,71802000.0,8493.89979735,602133383999.3546
2021-11-24 09:00:00,71726000.0,72300000.0,70265000.0,71680000.0,6609.91155089,468511820298.09436
2021-11-25 09:00:00,71689000.0,74136000.0,71220000.0,73171000.0,9049.17474463,658196555146.7008
2021-11-26 09:00:00,73160000.0,73567000.0,68089000.0,68549000.0,12468.28912157,883496099720.3064
2021-11-27 09:00:00,68550000.0,70276000.0,68140000.0,70039000.0,4865.73785339,338381741544.1163
2021-11-28 09:00:00,70039000.0,72691000.0,68607000.0,72303000.0,5439.53030356,380943799247.1356
2021-11-29 09:00:00,72255000.0,73166000.0,71298000.0,72240000.0,5965.74542692,431249801809.792
2021-11-30 09:00:00,72241000.0,73300000.0,70000000.0,70702000.0,8717.7658615,623384585488.2554
2021-12-01 09:00:00,70771000.0,72850000.0,70500000.0,70936000.0,7443.52963772,529661740005.61975
2021-12-02 09:00:00,70936000.0,71500000.0,69958000.0,70539000.0,10208.00313323,719755308272.1974
2021-12-03 09:00:00,70563000.0,71189000.0,67034000.0,68053000.0,15061.77754449,1053599225982.5276
2021-12-04 09:00:00,68068000.0,68191000.0,56000000.0,62206000.0,28348.95914312,1757512901445.4797
2021-12-05 09:00:00,62178000.0,63297000.0,59685000.0,61877000.0,12124.69394126,749188784836.934
2021-12-06 09:00:00,61877000.0,63103000.0,59016000.0,62626000.0,11591.24846455,703577992750.93
2021-12-07 09:00:00,62632000.0,64120000.0,62316000.0,63204000.0,8054.47784621,509439926577.6897
2021-12-08 09:00:00,63205000.0,63450000.0,60500000.0,62217000.0,7423.34923321,462084243427.4263
2021-12-09 09:00:00,62217000.0,62499000.0,59200000.0,59425000.0,6985.12525942,425034996310.3946
2021-12-10 09:00:00,59425000.0,61995000.0,59106000.0,59683000.0,7746.32503472,466065446683.84814
2021-12-11 09:00:00,59749000.0,61538000.0,59500000.0,61427000.0,3629.5367696,219745359643.67993
2021-12-12 09:00:00,61414000.0,62887000.0,60904000.0,62049000.0,3665.34563234,226239759072.2335
2021-12-13 09:00:00,61995000.0,62190000.0,58158000.0,58626000.0,7453.74091001,447420970311.1684
2021-12-14 09:00:00,58626000.0,60150000.0,57347000.0,59930000.0,7199.35776367,421930887129.1652
2021-12-15 09:00:00,59909000.0,62150000.0,58055000.0,61198000.0,10234.38988975,614210066819.0795
2021-12-16 09:00:00,61196000.0,61660000.0,59500000.0,59817000.0,7807.69618658,473844929813.83124
2021-12-17 09:00:00,59820000.0,60198000.0,57400000.0,58086000.0,8991.83583337,529378851668.7005
2021-12-18 09:00:00,58110000.0,58867000.0,57207000.0,58402000.0,5479.58391512,318308284131.8217
2021-12-19 09:00:00,58438000.0,59864000.0,58071000.0,58329000.0,5945.75001586,349830141080.10315
2021-12-20 09:00:00,58329000.0,58616000.0,56917000.0,58011000.0,6685.60533352,385840635557.5586
2021-12-21 09:00:00,57980000.0,60650000.0,57500000.0,60023000.0,6637.6709069,394352689438.5196
2021-12-22 09:00:00,60023000.0,60772000.0,59605000.0,59753000.0,5773.9637448,347172202153.7813
2021-12-23 09:00:00,59759000.0,61925000.0,59120000.0,61490000.0,6471.52989474,389081707456.7215
2021-12-24 09:00:00,61490000.0,62850000.0,61250000.0,61939000.0,5243.5431503,325690062280.693
2021-12-25 09:00:00,61939000.0,62500000.0,61107000.0,61177000.0,3730.36798441,230679684124.69763
2021-12-26 09:00:00,61177000.0,61939000.0,60288000.0,61467000.0,4350.54366915,265030001351.93692
2021-12-27 09:00:00,61467000.0,62500000.0,60934000.0,61508000.0,5287.22519425,325512198487.4511
2021-12-28 09:00:00,61470000.0,61508000.0,57912000.0,58274000.0,7303.08727699,436619790606.5887
2021-12-29 09:00:00,58261000.0,58763000.0,56650000.0,57089000.0,8037.99954485,465098505559.6989
2021-12-30 09:00:00,57089000.0,58233000.0,56400000.0,57200000.0,5506.78981263,315378745535.8602
2021-12-31 09:00:00,57233000.0,58812000.0,56233000.0,56784000.0,4959.9700856,285728205436.0753
2022-01-01 09:00:00,56784000.0,58271000.0,56762000.0,57915000.0,2628.14596492,151064521830.33255
2022-01-02 09:00:00,57915000.0,58300000.0,57100000.0,57531000.0,3567.5057124,205291308789.9393
2022-01-03 09:00:00,57540000.0,57749000.0,56133000.0,56641000.0,6304.95856401,360063461140.01263
2022-01-04 09:00:00,56640000.0,57685000.0,56000000.0,56023000.0,6053.44580235,342512644132.83624
2022-01-05 09:00:00,56023000.0,57100000.0,52701000.0,53854000.0,9296.79871351,515276777193.21295
2022-01-06 09:00:00,53854000.0,54300000.0,52388000.0,53239000.0,6389.07930239,339630997052.0713
2022-01-07 09:00:00,53240000.0,53358000.0,50900000.0,51449000.0,7509.10809323,389528045895.49457
2022-01-08 09:00:00,51449000.0,52709000.0,50829000.0,52142000.0,4171.09645762,215423691964.91058
2022-01-09 09:00:00,52142000.0,52600000.0,51144000.0,51678000.0,3369.09508974,174869889802.57343
2022-01-10 09:00:00,51672000.0,51999000.0,48897000.0,51246000.0,7955.46011133,402570820215.65857
2022-01-11 09:00:00,51255000.0,52493000.0,50408000.0,52307000.0,5812.21805175,298676109322.26056
2022-01-12 09:00:00,52306000.0,53945000.0,51800000.0,53349000.0,5617.86642827,296492711681.8847
2022-01-13 09:00:00,53349000.0,53940000.0,51809000.0,51885000.0,5468.01591063,289837178996.5849
2022-01-14 09:00:00,51885000.0,52691000.0,51010000.0,52230000.0,5030.18653553,261086090962.35144
2022-01-15 09:00:00,52230000.0,52891000.0,51878000.0,52357000.0,2595.04941124,135657742666.70593
2022-01-16 09:00:00,52357000.0,52634000.0,51948000.0,52165000.0,2131.4288192,111417440453.1287
2022-01-17 09:00:00,52165000.0,52300000.0,50822000.0,51436000.0,3104.23763117,160683769882.9794
2022-01-18 09:00:00,51435000.0,51600000.0,50192000.0,51179000.0,3894.69755153,197997204276.519
2022-01-19 09:00:00,51183000.0,51395000.0,49988000.0,50333000.0,4815.61754533,243349644791.62622
2022-01-20 09:00:00,50333000.0,52361000.0,49575000.0,49648000.0,6914.68087553,350489190147.2465
2022-01-21 09:00:00,49600000.0,50001000.0,44600000.0,45316000.0,13031.22269492,614895368490.7034
2022-01-22 09:00:00,45316000.0,45622000.0,42629000.0,43375000.0,12317.48527338,542096966238.20294
2022-01-23 09:00:00,43376000.0,44500000.0,42725000.0,44253000.0,6165.20872887,269289810382.9316
2022-01-24 09:00:00,44255000.0,45600000.0,40871000.0,44731000.0,10984.73257578,468862727172.81586
2022-01-25 09:00:00,44764000.0,45572000.0,43511000.0,44909000.0,6937.03740715,308479518001.6424
2022-01-26 09:00:00,44905000.0,47460000.0,44520000.0,45100000.0,10144.39442742,465503093047.90515
2022-01-27 09:00:00,45100000.0,45844000.0,43786000.0,45809000.0,7488.1448014,335012964798.7789
2022-01-28 09:00:00,45800000.0,46890000.0,45060000.0,46588000.0,5565.15427472,254762670308.80963
2022-01-29 09:00:00,46592000.0,47746000.0,46180000.0,47146000.0,3980.16776223,186286304051.22614
2022-01-30 09:00:00,47144000.0,47500000.0,46498000.0,47208000.0,2868.98523419,135027081461.63245
2022-01-31 09:00:00,47208000.0,47647000.0,45624000.0,47266000.0,4554.26520595,211275432696.9253
2022-02-01 09:00:00,47304000.0,48270000.0,46869000.0,47760000.0,3944.00160976,187434977994.1383
2022-02-02 09:00:00,47784000.0,47900000.0,45401000.0,45517000.0,4684.82046753,219281053640.67502
2022-02-03 09:00:00,45518000.0,45900000.0,44770000.0,45835000.0,3279.73787459,148839125406.1171
2022-02-04 09:00:00,45835000.0,50843000.0,45500000.0,50633000.0,7451.46465055,355674962643.43884
2022-02-05 09:00:00,50613000.0,51488000.0,50216000.0,50788000.0,5618.42220443,285441834169.823
2022-02-06 09:00:00,50788000.0,52022000.0,50400000.0,51732000.0,4046.19621542,206661446937.4289
2022-02-07 09:00:00,51678000.0,54110000.0,51084000.0,53511000.0,6414.99045765,337553682455.38916
2022-02-08 09:00:00,53511000.0,55321000.0,52325000.0,53651000.0,10799.76838891,578845327237.1124
2022-02-09 09:00:00,53651000.0,54000000.0,52560000.0,53660000.0,5006.39849973,266603510170.62662
2022-02-10 09:00:00,53659000.0,55380000.0,52604000.0,53123000.0,9079.39442265,488428411754.56024
2022-02-11 09:00:00,53040000.0,53364000.0,51300000.0,51882000.0,6124.94691657,321480090359.74054
2022-02-12 09:00:00,51875000.0,52299000.0,50835000.0,51597000.0,4680.16804965,241620206211.6828
2022-02-13 09:00:00,51619000.0,52190000.0,51400000.0,51550000.0,2737.45244662,141796428812.6518
2022-02-14 09:00:00,51550000.0,52041000.0,50744000.0,51586000.0,4253.6279361,218529350233.54776
2022-02-15 09:00:00,51586000.0,53998000.0,51462000.0,53832000.0,4794.46946448,254795069714.37585
2022-02-16 09:00:00,53835000.0,53842000.0,52769000.0,53298000.0,4581.97459643,244556760070.18353
2022-02-17 09:00:00,53298000.0,53540000.0,49203000.0,49376000.0,7615.70913172,392341519114.4038
2022-02-18 09:00:00,49376000.0,50199000.0,48369000.0,49015000.0,5516.16174109,272064780977.97128
2022-02-19 09:00:00,49004000.0,49250000.0,48271000.0,49035000.0,2902.28628463,141529609090.52924
2022-02-20 09:00:00,49035000.0,49038000.0,46650000.0,47131000.0,5524.94879998,261930452601.5744
2022-02-21 09:00:00,47133000.0,48128000.0,45147000.0,45450000.0,7886.2960245,367962097771.5558
2022-02-22 09:00:00,45450000.0,46693000.0,44746000.0,46474000.0,5478.02173628,249720926168.73676
2022-02-23 09:00:00,46500000.0,47530000.0,45293000.0,45543000.0,6323.31776297,294355073826.30664
2022-02-24 09:00:00,45483000.0,48000000.0,42580000.0,46927000.0,15361.05926493,677428293445.7881
2022-02-25 09:00:00,46854000.0,48500000.0,46555000.0,47831000.0,7745.36379841,367692769588.9642
2022-02-26 09:00:00,47830000.0,49010000.0,47200000.0,47809000.0,4412.33689604,211661931303.1995
2022-02-27 09:00:00,47850000.0,48576000.0,45695000.0,46358000.0,5879.5153407,278259630244.21466
2022-02-28 09:00:00,46363000.0,53089000.0,46086000.0,52332000.0,10346.17938543,510345453158.8512
2022-03-01 09:00:00,52332000.0,54777000.0,52004000.0,53790000.0,10899.50680906,580017405666.1804
2022-03-02 09:00:00,53789000.0,54829000.0,52789000.0,53359000.0,7651.79638878,410042464654.7711
2022-03-03 09:00:00,53359000.0,53710000.0,51219000.0,51842000.0,5670.32573658,298403705749.9444
2022-03-04 09:00:00,51875000.0,51952000.0,48071000.0,48450000.0,8201.72698722,411649625542.0779
2022-03-05 09:00:00,48450000.0,48866000.0,47814000.0,48605000.0,4946.11710435,238916280699.47223
2022-03-06 09:00:00,48610000.0,49024000.0,47260000.0,47745000.0,4817.15746101,231568105039.18558
2022-03-07 09:00:00,47782000.0,48890000.0,46525000.0,47415000.0,6885.29874129,327977721102.5802
2022-03-08 09:00:00,47364000.0,48800000.0,47290000.0,48213000.0,4764.73953357,229182242873.09155
2022-03-09 09:00:00,48213000.0,52300000.0,48153000.0,51570000.0,9356.85430436,479357538041.31586
2022-03-10 09:00:00,51571000.0,51844000.0,48291000.0,48917000.0,10019.04392316,494328772058.5832
2022-03-11 09:00:00,48931000.0,49941000.0,47802000.0,48315000.0,7089.91274091,345465440083.8288
2022-03-12 09:00:00,48314000.0,49098000.0,48202000.0,48500000.0,2697.3021978,131418547496.89621
2022-03-13 09:00:00,48500000.0,48904000.0,47310000.0,47510000.0,4109.28591186,198434298602.69345
2022-03-14 09:00:00,47500000.0,49515000.0,47186000.0,49171000.0,6352.92355068,306727422441.91864
2022-03-15 09:00:00,49212000.0,49383000.0,47781000.0,48640000.0,5609.76874722,271852039162.99026
2022-03-16 09:00:00,48609000.0,51307000.0,48402000.0,50389000.0,12621.47055692,628482964168.743
2022-03-17 09:00:00,50392000.0,51099000.0,49647000.0,50069000.0,6441.90030738,323349085571.79724
2022-03-18 09:00:00,50069000.0,51220000.0,49423000.0,50770000.0,6364.18693386,319119972074.8756
2022-03-19 09:00:00,50736000.0,51300000.0,50615000.0,51245000.0,5016.39241849,255391353100.587
2022-03-20 09:00:00,51245000.0,51350000.0,50001000.0,50462000.0,4050.02865173,205914406605.1418
2022-03-21 09:00:00,50471000.0,50756000.0,49832000.0,50139000.0,1432.12837497,71878285923.03944
